[2026-01-09 21:16:37.028] [info]  🆙 Upscayl version: 2.15.0 FOSS
[2026-01-09 21:16:37.030] [info]  🚀 UPSCAYL EXEC PATH:  /usr/share/upscayl/bin/upscayl-bin
[2026-01-09 21:16:37.031] [info]  🚀 MODELS PATH:  /usr/share/upscayl/models
[2026-01-09 21:16:37.031] [info]  🚃 App Path:  /usr/share/upscayl/app.asar
[2026-01-09 21:16:37.716] [info]  💻 System Info: {"platform":"linux","release":"6.18.3-zen1-1-zen","arch":"x64","model":"AMD Ryzen 5 5600X 6-Core Processor","cpuCount":12,"gpu":{"active":true,"deviceId":9346,"gpuPreference":0,"vendorId":4318}}
[2026-01-09 21:20:15.966] [info]  🔄 Resetting image paths
[2026-01-09 21:20:31.689] [info]  🖼️ Updating Image Path:  /home/graso/Wallpapers/random_wallpaper.png
[2026-01-09 21:20:31.690] [info]  📄 Selected File Path:  /home/graso/Wallpapers/random_wallpaper.png
[2026-01-09 21:20:31.691] [info]  🎒 BACKEND REPORTED:  🖼️ Updating Image Path:  /home/graso/Wallpapers/random_wallpaper.png
[2026-01-09 21:20:31.692] [info]  🖼 Selected Image Path:  /home/graso/Wallpapers/random_wallpaper.png
[2026-01-09 21:20:31.692] [info]  📁 Selected Image Directory:  /home/graso/Wallpapers
[2026-01-09 21:20:31.692] [info]  🖼 imagePath:  /home/graso/Wallpapers/random_wallpaper.png
[2026-01-09 21:20:31.692] [info]  🔤 Extension:  png
[2026-01-09 21:20:31.702] [info]  🎒 BACKEND REPORTED:  📄 Selected File Path:  /home/graso/Wallpapers/random_wallpaper.png
[2026-01-09 21:20:59.114] [info]  📁 Updating Folder Path:  /home/graso/Wallpapers
[2026-01-09 21:20:59.114] [info]  📁 Selected Folder Path:  /home/graso/Wallpapers
[2026-01-09 21:20:59.117] [info]  🎒 BACKEND REPORTED:  📁 Updating Folder Path:  /home/graso/Wallpapers
[2026-01-09 21:20:59.118] [info]  🗂 Setting Output Path:  /home/graso/Wallpapers
[2026-01-09 21:20:59.128] [info]  🎒 BACKEND REPORTED:  📁 Selected Folder Path:  /home/graso/Wallpapers
[2026-01-09 21:21:00.449] [info]  🔄 Resetting Upscaled Image Path
[2026-01-09 21:21:00.450] [info]  ✅ Upscayl Variables:  {"model":"digital-art-4x","gpuId":null,"saveImageAs":"png","inputDir":"/home/graso/Wallpapers","fileNameWithExt":"random_wallpaper.png","outputDir":"/home/graso/Wallpapers","outFile":"/home/graso/Wallpapers/random_wallpaper_upscayl_2x_digital-art-4x.png","fileName":"random_wallpaper","scale":"2","compression":"0","customWidth":"","useCustomWidth":false,"tileSize":null}
[2026-01-09 21:21:00.450] [info]  📢 Upscayl Command:  [
  '-i',
  '/home/graso/Wallpapers/random_wallpaper.png',
  '-o',
  '/home/graso/Wallpapers/random_wallpaper_upscayl_2x_digital-art-4x.png',
  '-s',
  '2',
  '-m',
  '/usr/share/upscayl/models',
  '-n',
  'digital-art-4x',
  '-f',
  'png',
  '-c',
  '0'
]
[2026-01-09 21:21:00.459] [info]  👶 Updating Child Processes:  {"binary":"/usr/share/upscayl/bin/upscayl-bin","args":["/usr/share/upscayl/bin/upscayl-bin","-i","/home/graso/Wallpapers/random_wallpaper.png","-o","/home/graso/Wallpapers/random_wallpaper_upscayl_2x_digital-art-4x.png","-s","2","-m","/usr/share/upscayl/models","-n","digital-art-4x","-f","png","-c","0"]}
[2026-01-09 21:21:00.459] [info]  🛑 Updating Stopped:  false
[2026-01-09 21:21:00.460] [info]  🚀 Starting Upscayl - Copyright © 2024
✨ Detected scale x4
✨ Using the default scale x4

[2026-01-09 21:21:00.461] [info]  🏁 UPSCAYL
[2026-01-09 21:21:00.461] [info]  🎒 BACKEND REPORTED:  ✅ Upscayl Variables:  {"model":"digital-art-4x","gpuId":null,"saveImageAs":"png","inputDir":"/home/graso/Wallpapers","fileNameWithExt":"random_wallpaper.png","outputDir":"/home/graso/Wallpapers","outFile":"/home/graso/Wallpapers/random_wallpaper_upscayl_2x_digital-art-4x.png","fileName":"random_wallpaper","scale":"2","compression":"0","customWidth":"","useCustomWidth":false,"tileSize":null}
[2026-01-09 21:21:00.462] [info]  🎒 BACKEND REPORTED:  📢 Upscayl Command:  -i,/home/graso/Wallpapers/random_wallpaper.png,-o,/home/graso/Wallpapers/random_wallpaper_upscayl_2x_digital-art-4x.png,-s,2,-m,/usr/share/upscayl/models,-n,digital-art-4x,-f,png,-c,0
[2026-01-09 21:21:00.462] [info]  🎒 BACKEND REPORTED:  👶 Updating Child Processes:  {"binary":"/usr/share/upscayl/bin/upscayl-bin","args":["/usr/share/upscayl/bin/upscayl-bin","-i","/home/graso/Wallpapers/random_wallpaper.png","-o","/home/graso/Wallpapers/random_wallpaper_upscayl_2x_digital-art-4x.png","-s","2","-m","/usr/share/upscayl/models","-n","digital-art-4x","-f","png","-c","0"]}
[2026-01-09 21:21:00.462] [info]  🎒 BACKEND REPORTED:  🛑 Updating Stopped:  false
[2026-01-09 21:21:00.462] [info]  🎒 BACKEND REPORTED:  🚀 Starting Upscayl - Copyright © 2024
✨ Detected scale x4
✨ Using the default scale x4

[2026-01-09 21:21:00.462] [info]  🚧 UPSCAYL_PROGRESS:  🚀 Starting Upscayl - Copyright © 2024
✨ Detected scale x4
✨ Using the default scale x4

[2026-01-09 21:21:00.518] [info]  [0 NVIDIA GeForce RTX 3070 Ti]  queueC=2[8]  queueG=0[16]  queueT=1[2]
[0 NVIDIA GeForce RTX 3070 Ti]  bugsbn1=0  bugbilz=0  bugcopc=0  bugihfa=0
[0 NVIDIA GeForce RTX 3070 Ti]  fp16-p/s/a=1/1/1  int8-p/s/a=1/1/1
[0 NVIDIA GeForce RTX 3070 Ti]  subgroup=32  basic=1  vote=1  ballot=1  shuffle=1

[2026-01-09 21:21:00.519] [info]  🎒 BACKEND REPORTED:  [0 NVIDIA GeForce RTX 3070 Ti]  queueC=2[8]  queueG=0[16]  queueT=1[2]
[0 NVIDIA GeForce RTX 3070 Ti]  bugsbn1=0  bugbilz=0  bugcopc=0  bugihfa=0
[0 NVIDIA GeForce RTX 3070 Ti]  fp16-p/s/a=1/1/1  int8-p/s/a=1/1/1
[0 NVIDIA GeForce RTX 3070 Ti]  subgroup=32  basic=1  vote=1  ballot=1  shuffle=1

[2026-01-09 21:21:00.520] [info]  🚧 UPSCAYL_PROGRESS:  [0 NVIDIA GeForce RTX 3070 Ti]  queueC=2[8]  queueG=0[16]  queueT=1[2]
[0 NVIDIA GeForce RTX 3070 Ti]  bugsbn1=0  bugbilz=0  bugcopc=0  bugihfa=0
[0 NVIDIA GeForce RTX 3070 Ti]  fp16-p/s/a=1/1/1  int8-p/s/a=1/1/1
[0 NVIDIA GeForce RTX 3070 Ti]  subgroup=32  basic=1  vote=1  ballot=1  shuffle=1

[2026-01-09 21:21:02.714] [info]  0,00%

[2026-01-09 21:21:02.715] [info]  🎒 BACKEND REPORTED:  0,00%

[2026-01-09 21:21:02.715] [info]  🚧 UPSCAYL_PROGRESS:  0,00%

[2026-01-09 21:21:02.761] [info]  1,67%

[2026-01-09 21:21:02.762] [info]  🎒 BACKEND REPORTED:  1,67%

[2026-01-09 21:21:02.763] [info]  🚧 UPSCAYL_PROGRESS:  1,67%

[2026-01-09 21:21:02.809] [info]  3,33%

[2026-01-09 21:21:02.810] [info]  🎒 BACKEND REPORTED:  3,33%

[2026-01-09 21:21:02.810] [info]  🚧 UPSCAYL_PROGRESS:  3,33%

[2026-01-09 21:21:02.857] [info]  5,00%

[2026-01-09 21:21:02.858] [info]  🎒 BACKEND REPORTED:  5,00%

[2026-01-09 21:21:02.859] [info]  🚧 UPSCAYL_PROGRESS:  5,00%

[2026-01-09 21:21:02.906] [info]  6,67%

[2026-01-09 21:21:02.907] [info]  🎒 BACKEND REPORTED:  6,67%

[2026-01-09 21:21:02.908] [info]  🚧 UPSCAYL_PROGRESS:  6,67%

[2026-01-09 21:21:02.955] [info]  8,33%

[2026-01-09 21:21:02.955] [info]  🎒 BACKEND REPORTED:  8,33%

[2026-01-09 21:21:02.956] [info]  🚧 UPSCAYL_PROGRESS:  8,33%

[2026-01-09 21:21:03.003] [info]  10,00%

[2026-01-09 21:21:03.004] [info]  🎒 BACKEND REPORTED:  10,00%

[2026-01-09 21:21:03.005] [info]  🚧 UPSCAYL_PROGRESS:  10,00%

[2026-01-09 21:21:03.052] [info]  11,67%

[2026-01-09 21:21:03.052] [info]  🎒 BACKEND REPORTED:  11,67%

[2026-01-09 21:21:03.053] [info]  🚧 UPSCAYL_PROGRESS:  11,67%

[2026-01-09 21:21:03.101] [info]  13,33%

[2026-01-09 21:21:03.101] [info]  🎒 BACKEND REPORTED:  13,33%

[2026-01-09 21:21:03.102] [info]  🚧 UPSCAYL_PROGRESS:  13,33%

[2026-01-09 21:21:03.133] [info]  15,00%

[2026-01-09 21:21:03.134] [info]  🎒 BACKEND REPORTED:  15,00%

[2026-01-09 21:21:03.135] [info]  🚧 UPSCAYL_PROGRESS:  15,00%

[2026-01-09 21:21:03.190] [info]  16,67%

[2026-01-09 21:21:03.191] [info]  🎒 BACKEND REPORTED:  16,67%

[2026-01-09 21:21:03.192] [info]  🚧 UPSCAYL_PROGRESS:  16,67%

[2026-01-09 21:21:03.240] [info]  18,33%

[2026-01-09 21:21:03.240] [info]  🎒 BACKEND REPORTED:  18,33%

[2026-01-09 21:21:03.241] [info]  🚧 UPSCAYL_PROGRESS:  18,33%

[2026-01-09 21:21:03.288] [info]  20,00%

[2026-01-09 21:21:03.289] [info]  🎒 BACKEND REPORTED:  20,00%

[2026-01-09 21:21:03.290] [info]  🚧 UPSCAYL_PROGRESS:  20,00%

[2026-01-09 21:21:03.337] [info]  21,67%

[2026-01-09 21:21:03.337] [info]  🎒 BACKEND REPORTED:  21,67%

[2026-01-09 21:21:03.338] [info]  🚧 UPSCAYL_PROGRESS:  21,67%

[2026-01-09 21:21:03.386] [info]  23,33%

[2026-01-09 21:21:03.386] [info]  🎒 BACKEND REPORTED:  23,33%

[2026-01-09 21:21:03.387] [info]  🚧 UPSCAYL_PROGRESS:  23,33%

[2026-01-09 21:21:03.434] [info]  25,00%

[2026-01-09 21:21:03.435] [info]  🎒 BACKEND REPORTED:  25,00%

[2026-01-09 21:21:03.436] [info]  🚧 UPSCAYL_PROGRESS:  25,00%

[2026-01-09 21:21:03.482] [info]  26,67%

[2026-01-09 21:21:03.483] [info]  🎒 BACKEND REPORTED:  26,67%

[2026-01-09 21:21:03.484] [info]  🚧 UPSCAYL_PROGRESS:  26,67%

[2026-01-09 21:21:03.531] [info]  28,33%

[2026-01-09 21:21:03.532] [info]  🎒 BACKEND REPORTED:  28,33%

[2026-01-09 21:21:03.533] [info]  🚧 UPSCAYL_PROGRESS:  28,33%

[2026-01-09 21:21:03.580] [info]  30,00%

[2026-01-09 21:21:03.580] [info]  🎒 BACKEND REPORTED:  30,00%

[2026-01-09 21:21:03.581] [info]  🚧 UPSCAYL_PROGRESS:  30,00%

[2026-01-09 21:21:03.612] [info]  31,67%

[2026-01-09 21:21:03.613] [info]  🎒 BACKEND REPORTED:  31,67%

[2026-01-09 21:21:03.614] [info]  🚧 UPSCAYL_PROGRESS:  31,67%

[2026-01-09 21:21:03.668] [info]  33,33%

[2026-01-09 21:21:03.669] [info]  🎒 BACKEND REPORTED:  33,33%

[2026-01-09 21:21:03.670] [info]  🚧 UPSCAYL_PROGRESS:  33,33%

[2026-01-09 21:21:03.718] [info]  35,00%

[2026-01-09 21:21:03.718] [info]  🎒 BACKEND REPORTED:  35,00%

[2026-01-09 21:21:03.719] [info]  🚧 UPSCAYL_PROGRESS:  35,00%

[2026-01-09 21:21:03.767] [info]  36,67%

[2026-01-09 21:21:03.768] [info]  🎒 BACKEND REPORTED:  36,67%

[2026-01-09 21:21:03.769] [info]  🚧 UPSCAYL_PROGRESS:  36,67%

[2026-01-09 21:21:03.816] [info]  38,33%

[2026-01-09 21:21:03.817] [info]  🎒 BACKEND REPORTED:  38,33%

[2026-01-09 21:21:03.818] [info]  🚧 UPSCAYL_PROGRESS:  38,33%

[2026-01-09 21:21:03.865] [info]  40,00%

[2026-01-09 21:21:03.866] [info]  🎒 BACKEND REPORTED:  40,00%

[2026-01-09 21:21:03.867] [info]  🚧 UPSCAYL_PROGRESS:  40,00%

[2026-01-09 21:21:03.916] [info]  41,67%

[2026-01-09 21:21:03.916] [info]  🎒 BACKEND REPORTED:  41,67%

[2026-01-09 21:21:03.917] [info]  🚧 UPSCAYL_PROGRESS:  41,67%

[2026-01-09 21:21:03.965] [info]  43,33%

[2026-01-09 21:21:03.966] [info]  🎒 BACKEND REPORTED:  43,33%

[2026-01-09 21:21:03.967] [info]  🚧 UPSCAYL_PROGRESS:  43,33%

[2026-01-09 21:21:04.014] [info]  45,00%

[2026-01-09 21:21:04.015] [info]  🎒 BACKEND REPORTED:  45,00%

[2026-01-09 21:21:04.016] [info]  🚧 UPSCAYL_PROGRESS:  45,00%

[2026-01-09 21:21:04.064] [info]  46,67%

[2026-01-09 21:21:04.065] [info]  🎒 BACKEND REPORTED:  46,67%

[2026-01-09 21:21:04.066] [info]  🚧 UPSCAYL_PROGRESS:  46,67%

[2026-01-09 21:21:04.098] [info]  48,33%

[2026-01-09 21:21:04.098] [info]  🎒 BACKEND REPORTED:  48,33%

[2026-01-09 21:21:04.099] [info]  🚧 UPSCAYL_PROGRESS:  48,33%

[2026-01-09 21:21:04.152] [info]  50,00%

[2026-01-09 21:21:04.152] [info]  🎒 BACKEND REPORTED:  50,00%

[2026-01-09 21:21:04.153] [info]  🚧 UPSCAYL_PROGRESS:  50,00%

[2026-01-09 21:21:04.200] [info]  51,67%

[2026-01-09 21:21:04.201] [info]  🎒 BACKEND REPORTED:  51,67%

[2026-01-09 21:21:04.202] [info]  🚧 UPSCAYL_PROGRESS:  51,67%

[2026-01-09 21:21:04.249] [info]  53,33%

[2026-01-09 21:21:04.250] [info]  🎒 BACKEND REPORTED:  53,33%

[2026-01-09 21:21:04.251] [info]  🚧 UPSCAYL_PROGRESS:  53,33%

[2026-01-09 21:21:04.298] [info]  55,00%

[2026-01-09 21:21:04.299] [info]  🎒 BACKEND REPORTED:  55,00%

[2026-01-09 21:21:04.300] [info]  🚧 UPSCAYL_PROGRESS:  55,00%

[2026-01-09 21:21:04.348] [info]  56,67%

[2026-01-09 21:21:04.348] [info]  🎒 BACKEND REPORTED:  56,67%

[2026-01-09 21:21:04.349] [info]  🚧 UPSCAYL_PROGRESS:  56,67%

[2026-01-09 21:21:04.397] [info]  58,33%

[2026-01-09 21:21:04.397] [info]  🎒 BACKEND REPORTED:  58,33%

[2026-01-09 21:21:04.398] [info]  🚧 UPSCAYL_PROGRESS:  58,33%

[2026-01-09 21:21:04.446] [info]  60,00%

[2026-01-09 21:21:04.447] [info]  🎒 BACKEND REPORTED:  60,00%

[2026-01-09 21:21:04.448] [info]  🚧 UPSCAYL_PROGRESS:  60,00%

[2026-01-09 21:21:04.496] [info]  61,67%

[2026-01-09 21:21:04.496] [info]  🎒 BACKEND REPORTED:  61,67%

[2026-01-09 21:21:04.497] [info]  🚧 UPSCAYL_PROGRESS:  61,67%

[2026-01-09 21:21:04.545] [info]  63,33%

[2026-01-09 21:21:04.545] [info]  🎒 BACKEND REPORTED:  63,33%

[2026-01-09 21:21:04.546] [info]  🚧 UPSCAYL_PROGRESS:  63,33%

[2026-01-09 21:21:04.577] [info]  65,00%

[2026-01-09 21:21:04.578] [info]  🎒 BACKEND REPORTED:  65,00%

[2026-01-09 21:21:04.579] [info]  🚧 UPSCAYL_PROGRESS:  65,00%

[2026-01-09 21:21:04.632] [info]  66,67%

[2026-01-09 21:21:04.632] [info]  🎒 BACKEND REPORTED:  66,67%

[2026-01-09 21:21:04.633] [info]  🚧 UPSCAYL_PROGRESS:  66,67%

[2026-01-09 21:21:04.680] [info]  68,33%

[2026-01-09 21:21:04.681] [info]  🎒 BACKEND REPORTED:  68,33%

[2026-01-09 21:21:04.682] [info]  🚧 UPSCAYL_PROGRESS:  68,33%

[2026-01-09 21:21:04.730] [info]  70,00%

[2026-01-09 21:21:04.731] [info]  🎒 BACKEND REPORTED:  70,00%

[2026-01-09 21:21:04.731] [info]  🚧 UPSCAYL_PROGRESS:  70,00%

[2026-01-09 21:21:04.779] [info]  71,67%

[2026-01-09 21:21:04.780] [info]  🎒 BACKEND REPORTED:  71,67%

[2026-01-09 21:21:04.780] [info]  🚧 UPSCAYL_PROGRESS:  71,67%

[2026-01-09 21:21:04.828] [info]  73,33%

[2026-01-09 21:21:04.829] [info]  🎒 BACKEND REPORTED:  73,33%

[2026-01-09 21:21:04.829] [info]  🚧 UPSCAYL_PROGRESS:  73,33%

[2026-01-09 21:21:04.878] [info]  75,00%

[2026-01-09 21:21:04.878] [info]  🎒 BACKEND REPORTED:  75,00%

[2026-01-09 21:21:04.879] [info]  🚧 UPSCAYL_PROGRESS:  75,00%

[2026-01-09 21:21:04.926] [info]  76,67%

[2026-01-09 21:21:04.927] [info]  🎒 BACKEND REPORTED:  76,67%

[2026-01-09 21:21:04.927] [info]  🚧 UPSCAYL_PROGRESS:  76,67%

[2026-01-09 21:21:04.975] [info]  78,33%

[2026-01-09 21:21:04.975] [info]  🎒 BACKEND REPORTED:  78,33%

[2026-01-09 21:21:04.976] [info]  🚧 UPSCAYL_PROGRESS:  78,33%

[2026-01-09 21:21:05.024] [info]  80,00%

[2026-01-09 21:21:05.024] [info]  🎒 BACKEND REPORTED:  80,00%

[2026-01-09 21:21:05.025] [info]  🚧 UPSCAYL_PROGRESS:  80,00%

[2026-01-09 21:21:05.057] [info]  81,67%

[2026-01-09 21:21:05.057] [info]  🎒 BACKEND REPORTED:  81,67%

[2026-01-09 21:21:05.058] [info]  🚧 UPSCAYL_PROGRESS:  81,67%

[2026-01-09 21:21:05.085] [info]  83,33%

[2026-01-09 21:21:05.086] [info]  🎒 BACKEND REPORTED:  83,33%

[2026-01-09 21:21:05.087] [info]  🚧 UPSCAYL_PROGRESS:  83,33%

[2026-01-09 21:21:05.108] [info]  85,00%

[2026-01-09 21:21:05.109] [info]  🎒 BACKEND REPORTED:  85,00%

[2026-01-09 21:21:05.110] [info]  🚧 UPSCAYL_PROGRESS:  85,00%

[2026-01-09 21:21:05.133] [info]  86,67%

[2026-01-09 21:21:05.133] [info]  🎒 BACKEND REPORTED:  86,67%

[2026-01-09 21:21:05.134] [info]  🚧 UPSCAYL_PROGRESS:  86,67%

[2026-01-09 21:21:05.156] [info]  88,33%

[2026-01-09 21:21:05.157] [info]  🎒 BACKEND REPORTED:  88,33%

[2026-01-09 21:21:05.158] [info]  🚧 UPSCAYL_PROGRESS:  88,33%

[2026-01-09 21:21:05.181] [info]  90,00%

[2026-01-09 21:21:05.182] [info]  🎒 BACKEND REPORTED:  90,00%

[2026-01-09 21:21:05.183] [info]  🚧 UPSCAYL_PROGRESS:  90,00%

[2026-01-09 21:21:05.205] [info]  91,67%

[2026-01-09 21:21:05.206] [info]  🎒 BACKEND REPORTED:  91,67%

[2026-01-09 21:21:05.206] [info]  🚧 UPSCAYL_PROGRESS:  91,67%

[2026-01-09 21:21:05.230] [info]  93,33%

[2026-01-09 21:21:05.230] [info]  🎒 BACKEND REPORTED:  93,33%

[2026-01-09 21:21:05.231] [info]  🚧 UPSCAYL_PROGRESS:  93,33%

[2026-01-09 21:21:05.254] [info]  95,00%

[2026-01-09 21:21:05.254] [info]  🎒 BACKEND REPORTED:  95,00%

[2026-01-09 21:21:05.255] [info]  🚧 UPSCAYL_PROGRESS:  95,00%

[2026-01-09 21:21:05.278] [info]  96,67%

[2026-01-09 21:21:05.279] [info]  🎒 BACKEND REPORTED:  96,67%

[2026-01-09 21:21:05.280] [info]  🚧 UPSCAYL_PROGRESS:  96,67%

[2026-01-09 21:21:05.295] [info]  98,33%

[2026-01-09 21:21:05.295] [info]  🎒 BACKEND REPORTED:  98,33%

[2026-01-09 21:21:05.296] [info]  🚧 UPSCAYL_PROGRESS:  98,33%

[2026-01-09 21:21:05.299] [info]  🏞️ Resizing image according to output scale

[2026-01-09 21:21:05.299] [info]  🎒 BACKEND REPORTED:  🏞️ Resizing image according to output scale

[2026-01-09 21:21:05.300] [info]  🚧 UPSCAYL_PROGRESS:  🏞️ Resizing image according to output scale

[2026-01-09 21:21:05.481] [info]  🏞️ Scaled image from 1920x1080 to 3840x2160

[2026-01-09 21:21:05.482] [info]  🎒 BACKEND REPORTED:  🏞️ Scaled image from 1920x1080 to 3840x2160

[2026-01-09 21:21:05.483] [info]  🚧 UPSCAYL_PROGRESS:  🏞️ Scaled image from 1920x1080 to 3840x2160

[2026-01-09 21:21:06.701] [info]  100.00%

🙌 Upscayled Successfully!

[2026-01-09 21:21:06.702] [info]  🎒 BACKEND REPORTED:  100.00%

🙌 Upscayled Successfully!

[2026-01-09 21:21:06.702] [info]  🚧 UPSCAYL_PROGRESS:  100.00%

🙌 Upscayled Successfully!

[2026-01-09 21:21:06.940] [info]  💯 Done upscaling
[2026-01-09 21:21:06.949] [info]  🎒 BACKEND REPORTED:  💯 Done upscaling
[2026-01-09 21:21:06.950] [info]  upscaledImagePath:  /home/graso/Wallpapers/random_wallpaper_upscayl_2x_digital-art-4x.png
[2026-01-09 21:21:06.950] [info]  💯 UPSCAYL_DONE:  /home/graso/Wallpapers/random_wallpaper_upscayl_2x_digital-art-4x.png
[2026-01-10 18:02:03.197] [info]  🆙 Upscayl version: 2.15.0 FOSS
[2026-01-10 18:02:03.200] [info]  🚀 UPSCAYL EXEC PATH:  /usr/share/upscayl/bin/upscayl-bin
[2026-01-10 18:02:03.200] [info]  🚀 MODELS PATH:  /usr/share/upscayl/models
[2026-01-10 18:02:03.201] [info]  🚃 App Path:  /usr/share/upscayl/app.asar
[2026-01-10 18:02:03.874] [info]  💻 System Info: {"platform":"linux","release":"6.18.3-zen1-1-zen","arch":"x64","model":"AMD Ryzen 5 5600X 6-Core Processor","cpuCount":12,"gpu":{"active":true,"deviceId":9346,"gpuPreference":0,"vendorId":4318}}
[2026-01-10 18:02:07.572] [info]  🔄 Resetting image paths
[2026-01-10 18:02:11.451] [info]  🖼️ Updating Image Path:  /home/graso/Wallpapers/1387138.png
[2026-01-10 18:02:11.451] [info]  📄 Selected File Path:  /home/graso/Wallpapers/1387138.png
[2026-01-10 18:02:11.452] [info]  🎒 BACKEND REPORTED:  🖼️ Updating Image Path:  /home/graso/Wallpapers/1387138.png
[2026-01-10 18:02:11.453] [info]  🖼 Selected Image Path:  /home/graso/Wallpapers/1387138.png
[2026-01-10 18:02:11.453] [info]  📁 Selected Image Directory:  /home/graso/Wallpapers
[2026-01-10 18:02:11.453] [info]  🖼 imagePath:  /home/graso/Wallpapers/1387138.png
[2026-01-10 18:02:11.454] [info]  🔤 Extension:  png
[2026-01-10 18:02:11.464] [info]  🎒 BACKEND REPORTED:  📄 Selected File Path:  /home/graso/Wallpapers/1387138.png
[2026-01-10 18:02:25.286] [info]  🔄 Resetting Upscaled Image Path
[2026-01-10 18:02:25.287] [info]  ✅ Upscayl Variables:  {"model":"digital-art-4x","gpuId":null,"saveImageAs":"png","inputDir":"/home/graso/Wallpapers","fileNameWithExt":"1387138.png","outputDir":"/home/graso/Wallpapers","outFile":"/home/graso/Wallpapers/1387138_upscayl_2x_digital-art-4x.png","fileName":"1387138","scale":"2","compression":"0","customWidth":"","useCustomWidth":false,"tileSize":null}
[2026-01-10 18:02:25.287] [info]  📢 Upscayl Command:  [
  '-i',
  '/home/graso/Wallpapers/1387138.png',
  '-o',
  '/home/graso/Wallpapers/1387138_upscayl_2x_digital-art-4x.png',
  '-s',
  '2',
  '-m',
  '/usr/share/upscayl/models',
  '-n',
  'digital-art-4x',
  '-f',
  'png',
  '-c',
  '0'
]
[2026-01-10 18:02:25.298] [info]  👶 Updating Child Processes:  {"binary":"/usr/share/upscayl/bin/upscayl-bin","args":["/usr/share/upscayl/bin/upscayl-bin","-i","/home/graso/Wallpapers/1387138.png","-o","/home/graso/Wallpapers/1387138_upscayl_2x_digital-art-4x.png","-s","2","-m","/usr/share/upscayl/models","-n","digital-art-4x","-f","png","-c","0"]}
[2026-01-10 18:02:25.298] [info]  🛑 Updating Stopped:  false
[2026-01-10 18:02:25.299] [info]  🏁 UPSCAYL
[2026-01-10 18:02:25.299] [info]  🎒 BACKEND REPORTED:  ✅ Upscayl Variables:  {"model":"digital-art-4x","gpuId":null,"saveImageAs":"png","inputDir":"/home/graso/Wallpapers","fileNameWithExt":"1387138.png","outputDir":"/home/graso/Wallpapers","outFile":"/home/graso/Wallpapers/1387138_upscayl_2x_digital-art-4x.png","fileName":"1387138","scale":"2","compression":"0","customWidth":"","useCustomWidth":false,"tileSize":null}
[2026-01-10 18:02:25.300] [info]  🎒 BACKEND REPORTED:  📢 Upscayl Command:  -i,/home/graso/Wallpapers/1387138.png,-o,/home/graso/Wallpapers/1387138_upscayl_2x_digital-art-4x.png,-s,2,-m,/usr/share/upscayl/models,-n,digital-art-4x,-f,png,-c,0
[2026-01-10 18:02:25.300] [info]  🎒 BACKEND REPORTED:  👶 Updating Child Processes:  {"binary":"/usr/share/upscayl/bin/upscayl-bin","args":["/usr/share/upscayl/bin/upscayl-bin","-i","/home/graso/Wallpapers/1387138.png","-o","/home/graso/Wallpapers/1387138_upscayl_2x_digital-art-4x.png","-s","2","-m","/usr/share/upscayl/models","-n","digital-art-4x","-f","png","-c","0"]}
[2026-01-10 18:02:25.300] [info]  🎒 BACKEND REPORTED:  🛑 Updating Stopped:  false
[2026-01-10 18:02:25.303] [info]  🚀 Starting Upscayl - Copyright © 2024

[2026-01-10 18:02:25.304] [info]  🎒 BACKEND REPORTED:  🚀 Starting Upscayl - Copyright © 2024

[2026-01-10 18:02:25.304] [info]  ✨ Detected scale x4
✨ Using the default scale x4

[2026-01-10 18:02:25.304] [info]  🚧 UPSCAYL_PROGRESS:  🚀 Starting Upscayl - Copyright © 2024

[2026-01-10 18:02:25.305] [info]  🎒 BACKEND REPORTED:  ✨ Detected scale x4
✨ Using the default scale x4

[2026-01-10 18:02:25.305] [info]  🚧 UPSCAYL_PROGRESS:  ✨ Detected scale x4
✨ Using the default scale x4

[2026-01-10 18:02:25.364] [info]  [0 NVIDIA GeForce RTX 3070 Ti]  queueC=2[8]  queueG=0[16]  queueT=1[2]
[0 NVIDIA GeForce RTX 3070 Ti]  bugsbn1=0  bugbilz=0  bugcopc=0  bugihfa=0
[0 NVIDIA GeForce RTX 3070 Ti]  fp16-p/s/a=1/1/1  int8-p/s/a=1/1/1
[0 NVIDIA GeForce RTX 3070 Ti]  subgroup=32  basic=1  vote=1  ballot=1  shuffle=1

[2026-01-10 18:02:25.365] [info]  🎒 BACKEND REPORTED:  [0 NVIDIA GeForce RTX 3070 Ti]  queueC=2[8]  queueG=0[16]  queueT=1[2]
[0 NVIDIA GeForce RTX 3070 Ti]  bugsbn1=0  bugbilz=0  bugcopc=0  bugihfa=0
[0 NVIDIA GeForce RTX 3070 Ti]  fp16-p/s/a=1/1/1  int8-p/s/a=1/1/1
[0 NVIDIA GeForce RTX 3070 Ti]  subgroup=32  basic=1  vote=1  ballot=1  shuffle=1

[2026-01-10 18:02:25.366] [info]  🚧 UPSCAYL_PROGRESS:  [0 NVIDIA GeForce RTX 3070 Ti]  queueC=2[8]  queueG=0[16]  queueT=1[2]
[0 NVIDIA GeForce RTX 3070 Ti]  bugsbn1=0  bugbilz=0  bugcopc=0  bugihfa=0
[0 NVIDIA GeForce RTX 3070 Ti]  fp16-p/s/a=1/1/1  int8-p/s/a=1/1/1
[0 NVIDIA GeForce RTX 3070 Ti]  subgroup=32  basic=1  vote=1  ballot=1  shuffle=1

[2026-01-10 18:02:26.779] [info]  0,00%

[2026-01-10 18:02:26.780] [info]  🎒 BACKEND REPORTED:  0,00%

[2026-01-10 18:02:26.781] [info]  🚧 UPSCAYL_PROGRESS:  0,00%

[2026-01-10 18:02:26.827] [info]  1,67%

[2026-01-10 18:02:26.828] [info]  🎒 BACKEND REPORTED:  1,67%

[2026-01-10 18:02:26.829] [info]  🚧 UPSCAYL_PROGRESS:  1,67%

[2026-01-10 18:02:26.874] [info]  3,33%

[2026-01-10 18:02:26.875] [info]  🎒 BACKEND REPORTED:  3,33%

[2026-01-10 18:02:26.876] [info]  🚧 UPSCAYL_PROGRESS:  3,33%

[2026-01-10 18:02:26.923] [info]  5,00%

[2026-01-10 18:02:26.924] [info]  🎒 BACKEND REPORTED:  5,00%

[2026-01-10 18:02:26.925] [info]  🚧 UPSCAYL_PROGRESS:  5,00%

[2026-01-10 18:02:26.972] [info]  6,67%

[2026-01-10 18:02:26.973] [info]  🎒 BACKEND REPORTED:  6,67%

[2026-01-10 18:02:26.974] [info]  🚧 UPSCAYL_PROGRESS:  6,67%

[2026-01-10 18:02:27.021] [info]  8,33%

[2026-01-10 18:02:27.021] [info]  🎒 BACKEND REPORTED:  8,33%

[2026-01-10 18:02:27.022] [info]  🚧 UPSCAYL_PROGRESS:  8,33%

[2026-01-10 18:02:27.069] [info]  10,00%

[2026-01-10 18:02:27.069] [info]  🎒 BACKEND REPORTED:  10,00%

[2026-01-10 18:02:27.070] [info]  🚧 UPSCAYL_PROGRESS:  10,00%

[2026-01-10 18:02:27.119] [info]  11,67%

[2026-01-10 18:02:27.119] [info]  🎒 BACKEND REPORTED:  11,67%

[2026-01-10 18:02:27.120] [info]  🚧 UPSCAYL_PROGRESS:  11,67%

[2026-01-10 18:02:27.166] [info]  13,33%

[2026-01-10 18:02:27.167] [info]  🎒 BACKEND REPORTED:  13,33%

[2026-01-10 18:02:27.168] [info]  🚧 UPSCAYL_PROGRESS:  13,33%

[2026-01-10 18:02:27.199] [info]  15,00%

[2026-01-10 18:02:27.200] [info]  🎒 BACKEND REPORTED:  15,00%

[2026-01-10 18:02:27.201] [info]  🚧 UPSCAYL_PROGRESS:  15,00%

[2026-01-10 18:02:27.257] [info]  16,67%

[2026-01-10 18:02:27.257] [info]  🎒 BACKEND REPORTED:  16,67%

[2026-01-10 18:02:27.258] [info]  🚧 UPSCAYL_PROGRESS:  16,67%

[2026-01-10 18:02:27.306] [info]  18,33%

[2026-01-10 18:02:27.306] [info]  🎒 BACKEND REPORTED:  18,33%

[2026-01-10 18:02:27.307] [info]  🚧 UPSCAYL_PROGRESS:  18,33%

[2026-01-10 18:02:27.354] [info]  20,00%

[2026-01-10 18:02:27.355] [info]  🎒 BACKEND REPORTED:  20,00%

[2026-01-10 18:02:27.355] [info]  🚧 UPSCAYL_PROGRESS:  20,00%

[2026-01-10 18:02:27.403] [info]  21,67%

[2026-01-10 18:02:27.403] [info]  🎒 BACKEND REPORTED:  21,67%

[2026-01-10 18:02:27.404] [info]  🚧 UPSCAYL_PROGRESS:  21,67%

[2026-01-10 18:02:27.451] [info]  23,33%

[2026-01-10 18:02:27.452] [info]  🎒 BACKEND REPORTED:  23,33%

[2026-01-10 18:02:27.453] [info]  🚧 UPSCAYL_PROGRESS:  23,33%

[2026-01-10 18:02:27.500] [info]  25,00%

[2026-01-10 18:02:27.500] [info]  🎒 BACKEND REPORTED:  25,00%

[2026-01-10 18:02:27.501] [info]  🚧 UPSCAYL_PROGRESS:  25,00%

[2026-01-10 18:02:27.548] [info]  26,67%

[2026-01-10 18:02:27.549] [info]  🎒 BACKEND REPORTED:  26,67%

[2026-01-10 18:02:27.550] [info]  🚧 UPSCAYL_PROGRESS:  26,67%

[2026-01-10 18:02:27.597] [info]  28,33%

[2026-01-10 18:02:27.598] [info]  🎒 BACKEND REPORTED:  28,33%

[2026-01-10 18:02:27.598] [info]  🚧 UPSCAYL_PROGRESS:  28,33%

[2026-01-10 18:02:27.646] [info]  30,00%

[2026-01-10 18:02:27.646] [info]  🎒 BACKEND REPORTED:  30,00%

[2026-01-10 18:02:27.647] [info]  🚧 UPSCAYL_PROGRESS:  30,00%

[2026-01-10 18:02:27.678] [info]  31,67%

[2026-01-10 18:02:27.679] [info]  🎒 BACKEND REPORTED:  31,67%

[2026-01-10 18:02:27.680] [info]  🚧 UPSCAYL_PROGRESS:  31,67%

[2026-01-10 18:02:27.733] [info]  33,33%

[2026-01-10 18:02:27.733] [info]  🎒 BACKEND REPORTED:  33,33%

[2026-01-10 18:02:27.734] [info]  🚧 UPSCAYL_PROGRESS:  33,33%

[2026-01-10 18:02:27.782] [info]  35,00%

[2026-01-10 18:02:27.783] [info]  🎒 BACKEND REPORTED:  35,00%

[2026-01-10 18:02:27.784] [info]  🚧 UPSCAYL_PROGRESS:  35,00%

[2026-01-10 18:02:27.831] [info]  36,67%

[2026-01-10 18:02:27.832] [info]  🎒 BACKEND REPORTED:  36,67%

[2026-01-10 18:02:27.832] [info]  🚧 UPSCAYL_PROGRESS:  36,67%

[2026-01-10 18:02:27.880] [info]  38,33%

[2026-01-10 18:02:27.881] [info]  🎒 BACKEND REPORTED:  38,33%

[2026-01-10 18:02:27.881] [info]  🚧 UPSCAYL_PROGRESS:  38,33%

[2026-01-10 18:02:27.929] [info]  40,00%

[2026-01-10 18:02:27.930] [info]  🎒 BACKEND REPORTED:  40,00%

[2026-01-10 18:02:27.931] [info]  🚧 UPSCAYL_PROGRESS:  40,00%

[2026-01-10 18:02:27.978] [info]  41,67%

[2026-01-10 18:02:27.979] [info]  🎒 BACKEND REPORTED:  41,67%

[2026-01-10 18:02:27.980] [info]  🚧 UPSCAYL_PROGRESS:  41,67%

[2026-01-10 18:02:28.027] [info]  43,33%

[2026-01-10 18:02:28.028] [info]  🎒 BACKEND REPORTED:  43,33%

[2026-01-10 18:02:28.029] [info]  🚧 UPSCAYL_PROGRESS:  43,33%

[2026-01-10 18:02:28.076] [info]  45,00%

[2026-01-10 18:02:28.076] [info]  🎒 BACKEND REPORTED:  45,00%

[2026-01-10 18:02:28.077] [info]  🚧 UPSCAYL_PROGRESS:  45,00%

[2026-01-10 18:02:28.124] [info]  46,67%

[2026-01-10 18:02:28.124] [info]  🎒 BACKEND REPORTED:  46,67%

[2026-01-10 18:02:28.125] [info]  🚧 UPSCAYL_PROGRESS:  46,67%

[2026-01-10 18:02:28.155] [info]  48,33%

[2026-01-10 18:02:28.156] [info]  🎒 BACKEND REPORTED:  48,33%

[2026-01-10 18:02:28.157] [info]  🚧 UPSCAYL_PROGRESS:  48,33%

[2026-01-10 18:02:28.208] [info]  50,00%

[2026-01-10 18:02:28.209] [info]  🎒 BACKEND REPORTED:  50,00%

[2026-01-10 18:02:28.210] [info]  🚧 UPSCAYL_PROGRESS:  50,00%

[2026-01-10 18:02:28.257] [info]  51,67%

[2026-01-10 18:02:28.257] [info]  🎒 BACKEND REPORTED:  51,67%

[2026-01-10 18:02:28.258] [info]  🚧 UPSCAYL_PROGRESS:  51,67%

[2026-01-10 18:02:28.305] [info]  53,33%

[2026-01-10 18:02:28.306] [info]  🎒 BACKEND REPORTED:  53,33%

[2026-01-10 18:02:28.307] [info]  🚧 UPSCAYL_PROGRESS:  53,33%

[2026-01-10 18:02:28.354] [info]  55,00%

[2026-01-10 18:02:28.355] [info]  🎒 BACKEND REPORTED:  55,00%

[2026-01-10 18:02:28.356] [info]  🚧 UPSCAYL_PROGRESS:  55,00%

[2026-01-10 18:02:28.403] [info]  56,67%

[2026-01-10 18:02:28.404] [info]  🎒 BACKEND REPORTED:  56,67%

[2026-01-10 18:02:28.404] [info]  🚧 UPSCAYL_PROGRESS:  56,67%

[2026-01-10 18:02:28.452] [info]  58,33%

[2026-01-10 18:02:28.452] [info]  🎒 BACKEND REPORTED:  58,33%

[2026-01-10 18:02:28.453] [info]  🚧 UPSCAYL_PROGRESS:  58,33%

[2026-01-10 18:02:28.500] [info]  60,00%

[2026-01-10 18:02:28.500] [info]  🎒 BACKEND REPORTED:  60,00%

[2026-01-10 18:02:28.501] [info]  🚧 UPSCAYL_PROGRESS:  60,00%

[2026-01-10 18:02:28.548] [info]  61,67%

[2026-01-10 18:02:28.549] [info]  🎒 BACKEND REPORTED:  61,67%

[2026-01-10 18:02:28.549] [info]  🚧 UPSCAYL_PROGRESS:  61,67%

[2026-01-10 18:02:28.597] [info]  63,33%

[2026-01-10 18:02:28.597] [info]  🎒 BACKEND REPORTED:  63,33%

[2026-01-10 18:02:28.598] [info]  🚧 UPSCAYL_PROGRESS:  63,33%

[2026-01-10 18:02:28.630] [info]  65,00%

[2026-01-10 18:02:28.630] [info]  🎒 BACKEND REPORTED:  65,00%

[2026-01-10 18:02:28.631] [info]  🚧 UPSCAYL_PROGRESS:  65,00%

[2026-01-10 18:02:28.684] [info]  66,67%

[2026-01-10 18:02:28.685] [info]  🎒 BACKEND REPORTED:  66,67%

[2026-01-10 18:02:28.686] [info]  🚧 UPSCAYL_PROGRESS:  66,67%

[2026-01-10 18:02:28.731] [info]  68,33%

[2026-01-10 18:02:28.732] [info]  🎒 BACKEND REPORTED:  68,33%

[2026-01-10 18:02:28.733] [info]  🚧 UPSCAYL_PROGRESS:  68,33%

[2026-01-10 18:02:28.780] [info]  70,00%

[2026-01-10 18:02:28.780] [info]  🎒 BACKEND REPORTED:  70,00%

[2026-01-10 18:02:28.781] [info]  🚧 UPSCAYL_PROGRESS:  70,00%

[2026-01-10 18:02:28.828] [info]  71,67%

[2026-01-10 18:02:28.829] [info]  🎒 BACKEND REPORTED:  71,67%

[2026-01-10 18:02:28.830] [info]  🚧 UPSCAYL_PROGRESS:  71,67%

[2026-01-10 18:02:28.877] [info]  73,33%

[2026-01-10 18:02:28.877] [info]  🎒 BACKEND REPORTED:  73,33%

[2026-01-10 18:02:28.878] [info]  🚧 UPSCAYL_PROGRESS:  73,33%

[2026-01-10 18:02:28.925] [info]  75,00%

[2026-01-10 18:02:28.925] [info]  🎒 BACKEND REPORTED:  75,00%

[2026-01-10 18:02:28.926] [info]  🚧 UPSCAYL_PROGRESS:  75,00%

[2026-01-10 18:02:28.974] [info]  76,67%

[2026-01-10 18:02:28.974] [info]  🎒 BACKEND REPORTED:  76,67%

[2026-01-10 18:02:28.975] [info]  🚧 UPSCAYL_PROGRESS:  76,67%

[2026-01-10 18:02:29.022] [info]  78,33%

[2026-01-10 18:02:29.022] [info]  🎒 BACKEND REPORTED:  78,33%

[2026-01-10 18:02:29.023] [info]  🚧 UPSCAYL_PROGRESS:  78,33%

[2026-01-10 18:02:29.070] [info]  80,00%

[2026-01-10 18:02:29.070] [info]  🎒 BACKEND REPORTED:  80,00%

[2026-01-10 18:02:29.071] [info]  🚧 UPSCAYL_PROGRESS:  80,00%

[2026-01-10 18:02:29.103] [info]  81,67%

[2026-01-10 18:02:29.103] [info]  🎒 BACKEND REPORTED:  81,67%

[2026-01-10 18:02:29.104] [info]  🚧 UPSCAYL_PROGRESS:  81,67%

[2026-01-10 18:02:29.131] [info]  83,33%

[2026-01-10 18:02:29.132] [info]  🎒 BACKEND REPORTED:  83,33%

[2026-01-10 18:02:29.133] [info]  🚧 UPSCAYL_PROGRESS:  83,33%

[2026-01-10 18:02:29.154] [info]  85,00%

[2026-01-10 18:02:29.155] [info]  🎒 BACKEND REPORTED:  85,00%

[2026-01-10 18:02:29.155] [info]  🚧 UPSCAYL_PROGRESS:  85,00%

[2026-01-10 18:02:29.179] [info]  86,67%

[2026-01-10 18:02:29.179] [info]  🎒 BACKEND REPORTED:  86,67%

[2026-01-10 18:02:29.180] [info]  🚧 UPSCAYL_PROGRESS:  86,67%

[2026-01-10 18:02:29.203] [info]  88,33%

[2026-01-10 18:02:29.203] [info]  🎒 BACKEND REPORTED:  88,33%

[2026-01-10 18:02:29.204] [info]  🚧 UPSCAYL_PROGRESS:  88,33%

[2026-01-10 18:02:29.228] [info]  90,00%

[2026-01-10 18:02:29.228] [info]  🎒 BACKEND REPORTED:  90,00%

[2026-01-10 18:02:29.229] [info]  🚧 UPSCAYL_PROGRESS:  90,00%

[2026-01-10 18:02:29.251] [info]  91,67%

[2026-01-10 18:02:29.251] [info]  🎒 BACKEND REPORTED:  91,67%

[2026-01-10 18:02:29.252] [info]  🚧 UPSCAYL_PROGRESS:  91,67%

[2026-01-10 18:02:29.276] [info]  93,33%

[2026-01-10 18:02:29.276] [info]  🎒 BACKEND REPORTED:  93,33%

[2026-01-10 18:02:29.277] [info]  🚧 UPSCAYL_PROGRESS:  93,33%

[2026-01-10 18:02:29.299] [info]  95,00%

[2026-01-10 18:02:29.299] [info]  🎒 BACKEND REPORTED:  95,00%

[2026-01-10 18:02:29.300] [info]  🚧 UPSCAYL_PROGRESS:  95,00%

[2026-01-10 18:02:29.323] [info]  96,67%

[2026-01-10 18:02:29.324] [info]  🎒 BACKEND REPORTED:  96,67%

[2026-01-10 18:02:29.324] [info]  🚧 UPSCAYL_PROGRESS:  96,67%

[2026-01-10 18:02:29.339] [info]  98,33%

[2026-01-10 18:02:29.340] [info]  🎒 BACKEND REPORTED:  98,33%

[2026-01-10 18:02:29.341] [info]  🚧 UPSCAYL_PROGRESS:  98,33%

[2026-01-10 18:02:29.343] [info]  🏞️ Resizing image according to output scale

[2026-01-10 18:02:29.343] [info]  🎒 BACKEND REPORTED:  🏞️ Resizing image according to output scale

[2026-01-10 18:02:29.344] [info]  🚧 UPSCAYL_PROGRESS:  🏞️ Resizing image according to output scale

[2026-01-10 18:02:29.531] [info]  🏞️ Scaled image from 1920x1080 to 3840x2160

[2026-01-10 18:02:29.531] [info]  🎒 BACKEND REPORTED:  🏞️ Scaled image from 1920x1080 to 3840x2160

[2026-01-10 18:02:29.532] [info]  🚧 UPSCAYL_PROGRESS:  🏞️ Scaled image from 1920x1080 to 3840x2160

[2026-01-10 18:02:30.151] [info]  100.00%

🙌 Upscayled Successfully!

[2026-01-10 18:02:30.151] [info]  🎒 BACKEND REPORTED:  100.00%

🙌 Upscayled Successfully!

[2026-01-10 18:02:30.152] [info]  🚧 UPSCAYL_PROGRESS:  100.00%

🙌 Upscayled Successfully!

[2026-01-10 18:02:30.382] [info]  💯 Done upscaling
[2026-01-10 18:02:30.391] [info]  🎒 BACKEND REPORTED:  💯 Done upscaling
[2026-01-10 18:02:30.391] [info]  upscaledImagePath:  /home/graso/Wallpapers/1387138_upscayl_2x_digital-art-4x.png
[2026-01-10 18:02:30.392] [info]  💯 UPSCAYL_DONE:  /home/graso/Wallpapers/1387138_upscayl_2x_digital-art-4x.png
[2026-02-12 18:24:03.262] [info]  🆙 Upscayl version: 2.15.0 FOSS
[2026-02-12 18:24:03.264] [info]  🚀 UPSCAYL EXEC PATH:  /usr/share/upscayl/bin/upscayl-bin
[2026-02-12 18:24:03.265] [info]  🚀 MODELS PATH:  /usr/share/upscayl/models
[2026-02-12 18:24:03.265] [info]  🚃 App Path:  /usr/share/upscayl/app.asar
[2026-02-12 18:24:04.062] [info]  💻 System Info: {"platform":"linux","release":"6.18.8-zen2-1-zen","arch":"x64","model":"AMD Ryzen 5 5600X 6-Core Processor","cpuCount":12,"gpu":{"active":true,"deviceId":9346,"gpuPreference":0,"vendorId":4318}}
[2026-02-12 18:24:17.642] [info]  🔄 Resetting image paths
[2026-02-12 18:24:25.044] [info]  🖼️ Updating Image Path:  /home/graso/Wallpapers/random_wallpaper.jpg
[2026-02-12 18:24:25.044] [info]  📄 Selected File Path:  /home/graso/Wallpapers/random_wallpaper.jpg
[2026-02-12 18:24:25.045] [info]  🎒 BACKEND REPORTED:  🖼️ Updating Image Path:  /home/graso/Wallpapers/random_wallpaper.jpg
[2026-02-12 18:24:25.047] [info]  🎒 BACKEND REPORTED:  📄 Selected File Path:  /home/graso/Wallpapers/random_wallpaper.jpg
[2026-02-12 18:24:25.047] [info]  🖼 Selected Image Path:  /home/graso/Wallpapers/random_wallpaper.jpg
[2026-02-12 18:24:25.047] [info]  📁 Selected Image Directory:  /home/graso/Wallpapers
[2026-02-12 18:24:25.047] [info]  🖼 imagePath:  /home/graso/Wallpapers/random_wallpaper.jpg
[2026-02-12 18:24:25.048] [info]  🔤 Extension:  jpg
[2026-02-12 18:24:33.672] [info]  🔄 Resetting Upscaled Image Path
[2026-02-12 18:24:33.673] [info]  ✅ Already upscayled at:  /home/graso/Wallpapers/random_wallpaper_upscayl_2x_digital-art-4x.png
[2026-02-12 18:24:33.673] [info]  🏁 UPSCAYL
[2026-02-12 18:24:33.679] [info]  🎒 BACKEND REPORTED:  ✅ Already upscayled at:  /home/graso/Wallpapers/random_wallpaper_upscayl_2x_digital-art-4x.png
[2026-02-12 18:24:33.680] [info]  upscaledImagePath:  /home/graso/Wallpapers/random_wallpaper_upscayl_2x_digital-art-4x.png
[2026-02-12 18:24:33.681] [info]  💯 UPSCAYL_DONE:  /home/graso/Wallpapers/random_wallpaper_upscayl_2x_digital-art-4x.png
[2026-02-12 18:24:38.740] [info]  🔄 Resetting image paths
[2026-02-12 18:24:40.728] [info]  🖼️ Updating Image Path:  /home/graso/Wallpapers/random_wallpaper.jpg
[2026-02-12 18:24:40.728] [info]  📄 Selected File Path:  /home/graso/Wallpapers/random_wallpaper.jpg
[2026-02-12 18:24:40.729] [info]  🎒 BACKEND REPORTED:  🖼️ Updating Image Path:  /home/graso/Wallpapers/random_wallpaper.jpg
[2026-02-12 18:24:40.730] [info]  🖼 Selected Image Path:  /home/graso/Wallpapers/random_wallpaper.jpg
[2026-02-12 18:24:40.731] [info]  📁 Selected Image Directory:  /home/graso/Wallpapers
[2026-02-12 18:24:40.731] [info]  🖼 imagePath:  /home/graso/Wallpapers/random_wallpaper.jpg
[2026-02-12 18:24:40.731] [info]  🔤 Extension:  jpg
[2026-02-12 18:24:40.738] [info]  🎒 BACKEND REPORTED:  📄 Selected File Path:  /home/graso/Wallpapers/random_wallpaper.jpg
[2026-02-12 18:24:55.220] [info]  🔄 Resetting Upscaled Image Path
[2026-02-12 18:24:55.220] [info]  ✅ Already upscayled at:  /home/graso/Wallpapers/random_wallpaper_upscayl_2x_digital-art-4x.png
[2026-02-12 18:24:55.220] [info]  🏁 UPSCAYL
[2026-02-12 18:24:55.225] [info]  🎒 BACKEND REPORTED:  ✅ Already upscayled at:  /home/graso/Wallpapers/random_wallpaper_upscayl_2x_digital-art-4x.png
[2026-02-12 18:24:55.225] [info]  upscaledImagePath:  /home/graso/Wallpapers/random_wallpaper_upscayl_2x_digital-art-4x.png
[2026-02-12 18:24:55.226] [info]  💯 UPSCAYL_DONE:  /home/graso/Wallpapers/random_wallpaper_upscayl_2x_digital-art-4x.png
[2026-02-12 18:25:30.419] [info]  🆙 Upscayl version: 2.15.0 FOSS
[2026-02-12 18:25:30.421] [info]  🚀 UPSCAYL EXEC PATH:  /usr/share/upscayl/bin/upscayl-bin
[2026-02-12 18:25:30.422] [info]  🚀 MODELS PATH:  /usr/share/upscayl/models
[2026-02-12 18:25:30.422] [info]  🚃 App Path:  /usr/share/upscayl/app.asar
[2026-02-12 18:25:31.117] [info]  💻 System Info: {"platform":"linux","release":"6.18.8-zen2-1-zen","arch":"x64","model":"AMD Ryzen 5 5600X 6-Core Processor","cpuCount":12,"gpu":{"active":true,"deviceId":9346,"gpuPreference":0,"vendorId":4318}}
[2026-02-12 18:25:32.847] [info]  🔄 Resetting image paths
[2026-02-12 18:25:37.001] [info]  🖼️ Updating Image Path:  /home/graso/Wallpapers/random_wallpaper.jpg
[2026-02-12 18:25:37.002] [info]  📄 Selected File Path:  /home/graso/Wallpapers/random_wallpaper.jpg
[2026-02-12 18:25:37.003] [info]  🎒 BACKEND REPORTED:  🖼️ Updating Image Path:  /home/graso/Wallpapers/random_wallpaper.jpg
[2026-02-12 18:25:37.004] [info]  🖼 Selected Image Path:  /home/graso/Wallpapers/random_wallpaper.jpg
[2026-02-12 18:25:37.004] [info]  📁 Selected Image Directory:  /home/graso/Wallpapers
[2026-02-12 18:25:37.005] [info]  🖼 imagePath:  /home/graso/Wallpapers/random_wallpaper.jpg
[2026-02-12 18:25:37.005] [info]  🔤 Extension:  jpg
[2026-02-12 18:25:37.012] [info]  🎒 BACKEND REPORTED:  📄 Selected File Path:  /home/graso/Wallpapers/random_wallpaper.jpg
[2026-02-12 18:25:49.126] [info]  🔄 Resetting Upscaled Image Path
[2026-02-12 18:25:49.127] [info]  ✅ Already upscayled at:  /home/graso/Wallpapers/random_wallpaper_upscayl_2x_digital-art-4x.png
[2026-02-12 18:25:49.127] [info]  🏁 UPSCAYL
[2026-02-12 18:25:49.132] [info]  🎒 BACKEND REPORTED:  ✅ Already upscayled at:  /home/graso/Wallpapers/random_wallpaper_upscayl_2x_digital-art-4x.png
[2026-02-12 18:25:49.133] [info]  upscaledImagePath:  /home/graso/Wallpapers/random_wallpaper_upscayl_2x_digital-art-4x.png
[2026-02-12 18:25:49.133] [info]  💯 UPSCAYL_DONE:  /home/graso/Wallpapers/random_wallpaper_upscayl_2x_digital-art-4x.png
[2026-02-12 18:25:51.181] [info]  🔄 Resetting image paths
[2026-02-12 18:26:03.534] [info]  🖼️ Updating Image Path:  /home/graso/Wallpapers/random_wallpaper.jpg
[2026-02-12 18:26:03.535] [info]  📄 Selected File Path:  /home/graso/Wallpapers/random_wallpaper.jpg
[2026-02-12 18:26:03.536] [info]  🎒 BACKEND REPORTED:  🖼️ Updating Image Path:  /home/graso/Wallpapers/random_wallpaper.jpg
[2026-02-12 18:26:03.537] [info]  🖼 Selected Image Path:  /home/graso/Wallpapers/random_wallpaper.jpg
[2026-02-12 18:26:03.537] [info]  📁 Selected Image Directory:  /home/graso/Wallpapers
[2026-02-12 18:26:03.537] [info]  🖼 imagePath:  /home/graso/Wallpapers/random_wallpaper.jpg
[2026-02-12 18:26:03.537] [info]  🔤 Extension:  jpg
[2026-02-12 18:26:03.545] [info]  🎒 BACKEND REPORTED:  📄 Selected File Path:  /home/graso/Wallpapers/random_wallpaper.jpg
[2026-02-12 18:26:08.283] [info]  🔄 Resetting Upscaled Image Path
[2026-02-12 18:26:08.283] [info]  ✅ Upscayl Variables:  {"model":"digital-art-4x","gpuId":null,"saveImageAs":"png","inputDir":"/home/graso/Wallpapers","fileNameWithExt":"random_wallpaper.jpg","outputDir":"/home/graso/Wallpapers","outFile":"/home/graso/Wallpapers/random_wallpaper_upscayl_4x_digital-art-4x.png","fileName":"random_wallpaper","scale":"4","compression":"0","customWidth":"","useCustomWidth":false,"tileSize":null}
[2026-02-12 18:26:08.283] [info]  📢 Upscayl Command:  [
  '-i',
  '/home/graso/Wallpapers/random_wallpaper.jpg',
  '-o',
  '/home/graso/Wallpapers/random_wallpaper_upscayl_4x_digital-art-4x.png',
  '-m',
  '/usr/share/upscayl/models',
  '-n',
  'digital-art-4x',
  '-f',
  'png',
  '-c',
  '0'
]
[2026-02-12 18:26:08.296] [info]  👶 Updating Child Processes:  {"binary":"/usr/share/upscayl/bin/upscayl-bin","args":["/usr/share/upscayl/bin/upscayl-bin","-i","/home/graso/Wallpapers/random_wallpaper.jpg","-o","/home/graso/Wallpapers/random_wallpaper_upscayl_4x_digital-art-4x.png","-m","/usr/share/upscayl/models","-n","digital-art-4x","-f","png","-c","0"]}
[2026-02-12 18:26:08.296] [info]  🛑 Updating Stopped:  false
[2026-02-12 18:26:08.297] [info]  🏁 UPSCAYL
[2026-02-12 18:26:08.297] [info]  🎒 BACKEND REPORTED:  ✅ Upscayl Variables:  {"model":"digital-art-4x","gpuId":null,"saveImageAs":"png","inputDir":"/home/graso/Wallpapers","fileNameWithExt":"random_wallpaper.jpg","outputDir":"/home/graso/Wallpapers","outFile":"/home/graso/Wallpapers/random_wallpaper_upscayl_4x_digital-art-4x.png","fileName":"random_wallpaper","scale":"4","compression":"0","customWidth":"","useCustomWidth":false,"tileSize":null}
[2026-02-12 18:26:08.297] [info]  🎒 BACKEND REPORTED:  📢 Upscayl Command:  -i,/home/graso/Wallpapers/random_wallpaper.jpg,-o,/home/graso/Wallpapers/random_wallpaper_upscayl_4x_digital-art-4x.png,-m,/usr/share/upscayl/models,-n,digital-art-4x,-f,png,-c,0
[2026-02-12 18:26:08.298] [info]  🎒 BACKEND REPORTED:  👶 Updating Child Processes:  {"binary":"/usr/share/upscayl/bin/upscayl-bin","args":["/usr/share/upscayl/bin/upscayl-bin","-i","/home/graso/Wallpapers/random_wallpaper.jpg","-o","/home/graso/Wallpapers/random_wallpaper_upscayl_4x_digital-art-4x.png","-m","/usr/share/upscayl/models","-n","digital-art-4x","-f","png","-c","0"]}
[2026-02-12 18:26:08.298] [info]  🎒 BACKEND REPORTED:  🛑 Updating Stopped:  false
[2026-02-12 18:26:08.300] [info]  🚀 Starting Upscayl - Copyright © 2024

[2026-02-12 18:26:08.302] [info]  🎒 BACKEND REPORTED:  🚀 Starting Upscayl - Copyright © 2024

[2026-02-12 18:26:08.302] [info]  🚧 UPSCAYL_PROGRESS:  🚀 Starting Upscayl - Copyright © 2024

[2026-02-12 18:26:08.303] [info]  ✨ Detected scale x4
✨ Using the default scale x4

[2026-02-12 18:26:08.303] [info]  🎒 BACKEND REPORTED:  ✨ Detected scale x4
✨ Using the default scale x4

[2026-02-12 18:26:08.304] [info]  🚧 UPSCAYL_PROGRESS:  ✨ Detected scale x4
✨ Using the default scale x4

[2026-02-12 18:26:08.360] [info]  [0 NVIDIA GeForce RTX 3070 Ti]  queueC=2[8]  queueG=0[16]  queueT=1[2]
[0 NVIDIA GeForce RTX 3070 Ti]  bugsbn1=0  bugbilz=0  bugcopc=0  bugihfa=0
[0 NVIDIA GeForce RTX 3070 Ti]  fp16-p/s/a=1/1/1  int8-p/s/a=1/1/1
[0 NVIDIA GeForce RTX 3070 Ti]  subgroup=32  basic=1  vote=1  ballot=1  shuffle=1

[2026-02-12 18:26:08.361] [info]  🎒 BACKEND REPORTED:  [0 NVIDIA GeForce RTX 3070 Ti]  queueC=2[8]  queueG=0[16]  queueT=1[2]
[0 NVIDIA GeForce RTX 3070 Ti]  bugsbn1=0  bugbilz=0  bugcopc=0  bugihfa=0
[0 NVIDIA GeForce RTX 3070 Ti]  fp16-p/s/a=1/1/1  int8-p/s/a=1/1/1
[0 NVIDIA GeForce RTX 3070 Ti]  subgroup=32  basic=1  vote=1  ballot=1  shuffle=1

[2026-02-12 18:26:08.362] [info]  🚧 UPSCAYL_PROGRESS:  [0 NVIDIA GeForce RTX 3070 Ti]  queueC=2[8]  queueG=0[16]  queueT=1[2]
[0 NVIDIA GeForce RTX 3070 Ti]  bugsbn1=0  bugbilz=0  bugcopc=0  bugihfa=0
[0 NVIDIA GeForce RTX 3070 Ti]  fp16-p/s/a=1/1/1  int8-p/s/a=1/1/1
[0 NVIDIA GeForce RTX 3070 Ti]  subgroup=32  basic=1  vote=1  ballot=1  shuffle=1

[2026-02-12 18:26:09.801] [info]  0,00%

[2026-02-12 18:26:09.801] [info]  🎒 BACKEND REPORTED:  0,00%

[2026-02-12 18:26:09.802] [info]  🚧 UPSCAYL_PROGRESS:  0,00%

[2026-02-12 18:26:09.849] [info]  1,25%

[2026-02-12 18:26:09.849] [info]  🎒 BACKEND REPORTED:  1,25%

[2026-02-12 18:26:09.850] [info]  🚧 UPSCAYL_PROGRESS:  1,25%

[2026-02-12 18:26:09.897] [info]  2,50%

[2026-02-12 18:26:09.897] [info]  🎒 BACKEND REPORTED:  2,50%

[2026-02-12 18:26:09.898] [info]  🚧 UPSCAYL_PROGRESS:  2,50%

[2026-02-12 18:26:09.945] [info]  3,75%

[2026-02-12 18:26:09.945] [info]  🎒 BACKEND REPORTED:  3,75%

[2026-02-12 18:26:09.946] [info]  🚧 UPSCAYL_PROGRESS:  3,75%

[2026-02-12 18:26:09.993] [info]  5,00%

[2026-02-12 18:26:09.994] [info]  🎒 BACKEND REPORTED:  5,00%

[2026-02-12 18:26:09.995] [info]  🚧 UPSCAYL_PROGRESS:  5,00%

[2026-02-12 18:26:10.042] [info]  6,25%

[2026-02-12 18:26:10.042] [info]  🎒 BACKEND REPORTED:  6,25%

[2026-02-12 18:26:10.043] [info]  🚧 UPSCAYL_PROGRESS:  6,25%

[2026-02-12 18:26:10.091] [info]  7,50%

[2026-02-12 18:26:10.091] [info]  🎒 BACKEND REPORTED:  7,50%

[2026-02-12 18:26:10.092] [info]  🚧 UPSCAYL_PROGRESS:  7,50%

[2026-02-12 18:26:10.139] [info]  8,75%

[2026-02-12 18:26:10.139] [info]  🎒 BACKEND REPORTED:  8,75%

[2026-02-12 18:26:10.140] [info]  🚧 UPSCAYL_PROGRESS:  8,75%

[2026-02-12 18:26:10.186] [info]  10,00%

[2026-02-12 18:26:10.187] [info]  🎒 BACKEND REPORTED:  10,00%

[2026-02-12 18:26:10.188] [info]  🚧 UPSCAYL_PROGRESS:  10,00%

[2026-02-12 18:26:10.234] [info]  11,25%

[2026-02-12 18:26:10.235] [info]  🎒 BACKEND REPORTED:  11,25%

[2026-02-12 18:26:10.235] [info]  🚧 UPSCAYL_PROGRESS:  11,25%

[2026-02-12 18:26:10.288] [info]  12,50%

[2026-02-12 18:26:10.289] [info]  🎒 BACKEND REPORTED:  12,50%

[2026-02-12 18:26:10.290] [info]  🚧 UPSCAYL_PROGRESS:  12,50%

[2026-02-12 18:26:10.335] [info]  13,75%

[2026-02-12 18:26:10.335] [info]  🎒 BACKEND REPORTED:  13,75%

[2026-02-12 18:26:10.336] [info]  🚧 UPSCAYL_PROGRESS:  13,75%

[2026-02-12 18:26:10.383] [info]  15,00%

[2026-02-12 18:26:10.383] [info]  🎒 BACKEND REPORTED:  15,00%

[2026-02-12 18:26:10.384] [info]  🚧 UPSCAYL_PROGRESS:  15,00%

[2026-02-12 18:26:10.431] [info]  16,25%

[2026-02-12 18:26:10.431] [info]  🎒 BACKEND REPORTED:  16,25%

[2026-02-12 18:26:10.432] [info]  🚧 UPSCAYL_PROGRESS:  16,25%

[2026-02-12 18:26:10.479] [info]  17,50%

[2026-02-12 18:26:10.480] [info]  🎒 BACKEND REPORTED:  17,50%

[2026-02-12 18:26:10.481] [info]  🚧 UPSCAYL_PROGRESS:  17,50%

[2026-02-12 18:26:10.527] [info]  18,75%

[2026-02-12 18:26:10.528] [info]  🎒 BACKEND REPORTED:  18,75%

[2026-02-12 18:26:10.529] [info]  🚧 UPSCAYL_PROGRESS:  18,75%

[2026-02-12 18:26:10.576] [info]  20,00%

[2026-02-12 18:26:10.576] [info]  🎒 BACKEND REPORTED:  20,00%

[2026-02-12 18:26:10.577] [info]  🚧 UPSCAYL_PROGRESS:  20,00%

[2026-02-12 18:26:10.624] [info]  21,25%

[2026-02-12 18:26:10.624] [info]  🎒 BACKEND REPORTED:  21,25%

[2026-02-12 18:26:10.625] [info]  🚧 UPSCAYL_PROGRESS:  21,25%

[2026-02-12 18:26:10.673] [info]  22,50%

[2026-02-12 18:26:10.674] [info]  🎒 BACKEND REPORTED:  22,50%

[2026-02-12 18:26:10.675] [info]  🚧 UPSCAYL_PROGRESS:  22,50%

[2026-02-12 18:26:10.721] [info]  23,75%

[2026-02-12 18:26:10.722] [info]  🎒 BACKEND REPORTED:  23,75%

[2026-02-12 18:26:10.723] [info]  🚧 UPSCAYL_PROGRESS:  23,75%

[2026-02-12 18:26:10.774] [info]  25,00%

[2026-02-12 18:26:10.774] [info]  🎒 BACKEND REPORTED:  25,00%

[2026-02-12 18:26:10.775] [info]  🚧 UPSCAYL_PROGRESS:  25,00%

[2026-02-12 18:26:10.820] [info]  26,25%

[2026-02-12 18:26:10.820] [info]  🎒 BACKEND REPORTED:  26,25%

[2026-02-12 18:26:10.821] [info]  🚧 UPSCAYL_PROGRESS:  26,25%

[2026-02-12 18:26:10.867] [info]  27,50%

[2026-02-12 18:26:10.868] [info]  🎒 BACKEND REPORTED:  27,50%

[2026-02-12 18:26:10.869] [info]  🚧 UPSCAYL_PROGRESS:  27,50%

[2026-02-12 18:26:10.916] [info]  28,75%

[2026-02-12 18:26:10.916] [info]  🎒 BACKEND REPORTED:  28,75%

[2026-02-12 18:26:10.917] [info]  🚧 UPSCAYL_PROGRESS:  28,75%

[2026-02-12 18:26:10.964] [info]  30,00%

[2026-02-12 18:26:10.965] [info]  🎒 BACKEND REPORTED:  30,00%

[2026-02-12 18:26:10.965] [info]  🚧 UPSCAYL_PROGRESS:  30,00%

[2026-02-12 18:26:11.013] [info]  31,25%

[2026-02-12 18:26:11.013] [info]  🎒 BACKEND REPORTED:  31,25%

[2026-02-12 18:26:11.014] [info]  🚧 UPSCAYL_PROGRESS:  31,25%

[2026-02-12 18:26:11.061] [info]  32,50%

[2026-02-12 18:26:11.062] [info]  🎒 BACKEND REPORTED:  32,50%

[2026-02-12 18:26:11.063] [info]  🚧 UPSCAYL_PROGRESS:  32,50%

[2026-02-12 18:26:11.110] [info]  33,75%

[2026-02-12 18:26:11.110] [info]  🎒 BACKEND REPORTED:  33,75%

[2026-02-12 18:26:11.111] [info]  🚧 UPSCAYL_PROGRESS:  33,75%

[2026-02-12 18:26:11.158] [info]  35,00%

[2026-02-12 18:26:11.159] [info]  🎒 BACKEND REPORTED:  35,00%

[2026-02-12 18:26:11.160] [info]  🚧 UPSCAYL_PROGRESS:  35,00%

[2026-02-12 18:26:11.207] [info]  36,25%

[2026-02-12 18:26:11.207] [info]  🎒 BACKEND REPORTED:  36,25%

[2026-02-12 18:26:11.208] [info]  🚧 UPSCAYL_PROGRESS:  36,25%

[2026-02-12 18:26:11.259] [info]  37,50%

[2026-02-12 18:26:11.259] [info]  🎒 BACKEND REPORTED:  37,50%

[2026-02-12 18:26:11.260] [info]  🚧 UPSCAYL_PROGRESS:  37,50%

[2026-02-12 18:26:11.307] [info]  38,75%

[2026-02-12 18:26:11.307] [info]  🎒 BACKEND REPORTED:  38,75%

[2026-02-12 18:26:11.308] [info]  🚧 UPSCAYL_PROGRESS:  38,75%

[2026-02-12 18:26:11.354] [info]  40,00%

[2026-02-12 18:26:11.354] [info]  🎒 BACKEND REPORTED:  40,00%

[2026-02-12 18:26:11.356] [info]  🚧 UPSCAYL_PROGRESS:  40,00%

[2026-02-12 18:26:11.401] [info]  41,25%

[2026-02-12 18:26:11.402] [info]  🎒 BACKEND REPORTED:  41,25%

[2026-02-12 18:26:11.403] [info]  🚧 UPSCAYL_PROGRESS:  41,25%

[2026-02-12 18:26:11.450] [info]  42,50%

[2026-02-12 18:26:11.450] [info]  🎒 BACKEND REPORTED:  42,50%

[2026-02-12 18:26:11.451] [info]  🚧 UPSCAYL_PROGRESS:  42,50%

[2026-02-12 18:26:11.498] [info]  43,75%

[2026-02-12 18:26:11.499] [info]  🎒 BACKEND REPORTED:  43,75%

[2026-02-12 18:26:11.500] [info]  🚧 UPSCAYL_PROGRESS:  43,75%

[2026-02-12 18:26:11.547] [info]  45,00%

[2026-02-12 18:26:11.548] [info]  🎒 BACKEND REPORTED:  45,00%

[2026-02-12 18:26:11.548] [info]  🚧 UPSCAYL_PROGRESS:  45,00%

[2026-02-12 18:26:11.595] [info]  46,25%

[2026-02-12 18:26:11.596] [info]  🎒 BACKEND REPORTED:  46,25%

[2026-02-12 18:26:11.597] [info]  🚧 UPSCAYL_PROGRESS:  46,25%

[2026-02-12 18:26:11.644] [info]  47,50%

[2026-02-12 18:26:11.644] [info]  🎒 BACKEND REPORTED:  47,50%

[2026-02-12 18:26:11.645] [info]  🚧 UPSCAYL_PROGRESS:  47,50%

[2026-02-12 18:26:11.692] [info]  48,75%

[2026-02-12 18:26:11.693] [info]  🎒 BACKEND REPORTED:  48,75%

[2026-02-12 18:26:11.694] [info]  🚧 UPSCAYL_PROGRESS:  48,75%

[2026-02-12 18:26:11.744] [info]  50,00%

[2026-02-12 18:26:11.745] [info]  🎒 BACKEND REPORTED:  50,00%

[2026-02-12 18:26:11.746] [info]  🚧 UPSCAYL_PROGRESS:  50,00%

[2026-02-12 18:26:11.792] [info]  51,25%

[2026-02-12 18:26:11.792] [info]  🎒 BACKEND REPORTED:  51,25%

[2026-02-12 18:26:11.793] [info]  🚧 UPSCAYL_PROGRESS:  51,25%

[2026-02-12 18:26:11.839] [info]  52,50%

[2026-02-12 18:26:11.839] [info]  🎒 BACKEND REPORTED:  52,50%

[2026-02-12 18:26:11.840] [info]  🚧 UPSCAYL_PROGRESS:  52,50%

[2026-02-12 18:26:11.886] [info]  53,75%

[2026-02-12 18:26:11.886] [info]  🎒 BACKEND REPORTED:  53,75%

[2026-02-12 18:26:11.887] [info]  🚧 UPSCAYL_PROGRESS:  53,75%

[2026-02-12 18:26:11.934] [info]  55,00%

[2026-02-12 18:26:11.935] [info]  🎒 BACKEND REPORTED:  55,00%

[2026-02-12 18:26:11.936] [info]  🚧 UPSCAYL_PROGRESS:  55,00%

[2026-02-12 18:26:11.983] [info]  56,25%

[2026-02-12 18:26:11.983] [info]  🎒 BACKEND REPORTED:  56,25%

[2026-02-12 18:26:11.984] [info]  🚧 UPSCAYL_PROGRESS:  56,25%

[2026-02-12 18:26:12.031] [info]  57,50%

[2026-02-12 18:26:12.031] [info]  🎒 BACKEND REPORTED:  57,50%

[2026-02-12 18:26:12.032] [info]  🚧 UPSCAYL_PROGRESS:  57,50%

[2026-02-12 18:26:12.080] [info]  58,75%

[2026-02-12 18:26:12.080] [info]  🎒 BACKEND REPORTED:  58,75%

[2026-02-12 18:26:12.081] [info]  🚧 UPSCAYL_PROGRESS:  58,75%

[2026-02-12 18:26:12.128] [info]  60,00%

[2026-02-12 18:26:12.129] [info]  🎒 BACKEND REPORTED:  60,00%

[2026-02-12 18:26:12.130] [info]  🚧 UPSCAYL_PROGRESS:  60,00%

[2026-02-12 18:26:12.177] [info]  61,25%

[2026-02-12 18:26:12.178] [info]  🎒 BACKEND REPORTED:  61,25%

[2026-02-12 18:26:12.178] [info]  🚧 UPSCAYL_PROGRESS:  61,25%

[2026-02-12 18:26:12.228] [info]  62,50%

[2026-02-12 18:26:12.229] [info]  🎒 BACKEND REPORTED:  62,50%

[2026-02-12 18:26:12.229] [info]  🚧 UPSCAYL_PROGRESS:  62,50%

[2026-02-12 18:26:12.275] [info]  63,75%

[2026-02-12 18:26:12.276] [info]  🎒 BACKEND REPORTED:  63,75%

[2026-02-12 18:26:12.277] [info]  🚧 UPSCAYL_PROGRESS:  63,75%

[2026-02-12 18:26:12.324] [info]  65,00%

[2026-02-12 18:26:12.324] [info]  🎒 BACKEND REPORTED:  65,00%

[2026-02-12 18:26:12.325] [info]  🚧 UPSCAYL_PROGRESS:  65,00%

[2026-02-12 18:26:12.372] [info]  66,25%

[2026-02-12 18:26:12.373] [info]  🎒 BACKEND REPORTED:  66,25%

[2026-02-12 18:26:12.374] [info]  🚧 UPSCAYL_PROGRESS:  66,25%

[2026-02-12 18:26:12.420] [info]  67,50%

[2026-02-12 18:26:12.420] [info]  🎒 BACKEND REPORTED:  67,50%

[2026-02-12 18:26:12.421] [info]  🚧 UPSCAYL_PROGRESS:  67,50%

[2026-02-12 18:26:12.468] [info]  68,75%

[2026-02-12 18:26:12.469] [info]  🎒 BACKEND REPORTED:  68,75%

[2026-02-12 18:26:12.469] [info]  🚧 UPSCAYL_PROGRESS:  68,75%

[2026-02-12 18:26:12.517] [info]  70,00%

[2026-02-12 18:26:12.518] [info]  🎒 BACKEND REPORTED:  70,00%

[2026-02-12 18:26:12.519] [info]  🚧 UPSCAYL_PROGRESS:  70,00%

[2026-02-12 18:26:12.566] [info]  71,25%

[2026-02-12 18:26:12.566] [info]  🎒 BACKEND REPORTED:  71,25%

[2026-02-12 18:26:12.567] [info]  🚧 UPSCAYL_PROGRESS:  71,25%

[2026-02-12 18:26:12.614] [info]  72,50%

[2026-02-12 18:26:12.615] [info]  🎒 BACKEND REPORTED:  72,50%

[2026-02-12 18:26:12.615] [info]  🚧 UPSCAYL_PROGRESS:  72,50%

[2026-02-12 18:26:12.663] [info]  73,75%

[2026-02-12 18:26:12.664] [info]  🎒 BACKEND REPORTED:  73,75%

[2026-02-12 18:26:12.664] [info]  🚧 UPSCAYL_PROGRESS:  73,75%

[2026-02-12 18:26:12.715] [info]  75,00%

[2026-02-12 18:26:12.716] [info]  🎒 BACKEND REPORTED:  75,00%

[2026-02-12 18:26:12.717] [info]  🚧 UPSCAYL_PROGRESS:  75,00%

[2026-02-12 18:26:12.763] [info]  76,25%

[2026-02-12 18:26:12.764] [info]  🎒 BACKEND REPORTED:  76,25%

[2026-02-12 18:26:12.764] [info]  🚧 UPSCAYL_PROGRESS:  76,25%

[2026-02-12 18:26:12.812] [info]  77,50%

[2026-02-12 18:26:12.812] [info]  🎒 BACKEND REPORTED:  77,50%

[2026-02-12 18:26:12.813] [info]  🚧 UPSCAYL_PROGRESS:  77,50%

[2026-02-12 18:26:12.860] [info]  78,75%

[2026-02-12 18:26:12.860] [info]  🎒 BACKEND REPORTED:  78,75%

[2026-02-12 18:26:12.861] [info]  🚧 UPSCAYL_PROGRESS:  78,75%

[2026-02-12 18:26:12.907] [info]  80,00%

[2026-02-12 18:26:12.908] [info]  🎒 BACKEND REPORTED:  80,00%

[2026-02-12 18:26:12.908] [info]  🚧 UPSCAYL_PROGRESS:  80,00%

[2026-02-12 18:26:12.955] [info]  81,25%

[2026-02-12 18:26:12.955] [info]  🎒 BACKEND REPORTED:  81,25%

[2026-02-12 18:26:12.956] [info]  🚧 UPSCAYL_PROGRESS:  81,25%

[2026-02-12 18:26:13.002] [info]  82,50%

[2026-02-12 18:26:13.003] [info]  🎒 BACKEND REPORTED:  82,50%

[2026-02-12 18:26:13.003] [info]  🚧 UPSCAYL_PROGRESS:  82,50%

[2026-02-12 18:26:13.050] [info]  83,75%

[2026-02-12 18:26:13.051] [info]  🎒 BACKEND REPORTED:  83,75%

[2026-02-12 18:26:13.051] [info]  🚧 UPSCAYL_PROGRESS:  83,75%

[2026-02-12 18:26:13.098] [info]  85,00%

[2026-02-12 18:26:13.099] [info]  🎒 BACKEND REPORTED:  85,00%

[2026-02-12 18:26:13.099] [info]  🚧 UPSCAYL_PROGRESS:  85,00%

[2026-02-12 18:26:13.146] [info]  86,25%

[2026-02-12 18:26:13.147] [info]  🎒 BACKEND REPORTED:  86,25%

[2026-02-12 18:26:13.148] [info]  🚧 UPSCAYL_PROGRESS:  86,25%

[2026-02-12 18:26:13.161] [info]  87,50%

[2026-02-12 18:26:13.161] [info]  🎒 BACKEND REPORTED:  87,50%

[2026-02-12 18:26:13.162] [info]  🚧 UPSCAYL_PROGRESS:  87,50%

[2026-02-12 18:26:13.172] [info]  88,75%

[2026-02-12 18:26:13.172] [info]  🎒 BACKEND REPORTED:  88,75%

[2026-02-12 18:26:13.173] [info]  🚧 UPSCAYL_PROGRESS:  88,75%

[2026-02-12 18:26:13.181] [info]  90,00%

[2026-02-12 18:26:13.182] [info]  🎒 BACKEND REPORTED:  90,00%

[2026-02-12 18:26:13.182] [info]  🚧 UPSCAYL_PROGRESS:  90,00%

[2026-02-12 18:26:13.191] [info]  91,25%

[2026-02-12 18:26:13.191] [info]  🎒 BACKEND REPORTED:  91,25%

[2026-02-12 18:26:13.192] [info]  🚧 UPSCAYL_PROGRESS:  91,25%

[2026-02-12 18:26:13.201] [info]  92,50%

[2026-02-12 18:26:13.201] [info]  🎒 BACKEND REPORTED:  92,50%

[2026-02-12 18:26:13.202] [info]  🚧 UPSCAYL_PROGRESS:  92,50%

[2026-02-12 18:26:13.210] [info]  93,75%

[2026-02-12 18:26:13.211] [info]  🎒 BACKEND REPORTED:  93,75%

[2026-02-12 18:26:13.212] [info]  🚧 UPSCAYL_PROGRESS:  93,75%

[2026-02-12 18:26:13.220] [info]  95,00%

[2026-02-12 18:26:13.221] [info]  🎒 BACKEND REPORTED:  95,00%

[2026-02-12 18:26:13.222] [info]  🚧 UPSCAYL_PROGRESS:  95,00%

[2026-02-12 18:26:13.230] [info]  96,25%

[2026-02-12 18:26:13.230] [info]  🎒 BACKEND REPORTED:  96,25%

[2026-02-12 18:26:13.231] [info]  🚧 UPSCAYL_PROGRESS:  96,25%

[2026-02-12 18:26:13.240] [info]  97,50%

[2026-02-12 18:26:13.240] [info]  🎒 BACKEND REPORTED:  97,50%

[2026-02-12 18:26:13.241] [info]  🚧 UPSCAYL_PROGRESS:  97,50%

[2026-02-12 18:26:13.250] [info]  98,75%

[2026-02-12 18:26:13.250] [info]  🎒 BACKEND REPORTED:  98,75%

[2026-02-12 18:26:13.250] [info]  🚧 UPSCAYL_PROGRESS:  98,75%

[2026-02-12 18:26:17.129] [info]  100.00%

🙌 Upscayled Successfully!

[2026-02-12 18:26:17.130] [info]  🎒 BACKEND REPORTED:  100.00%

🙌 Upscayled Successfully!

[2026-02-12 18:26:17.131] [info]  🚧 UPSCAYL_PROGRESS:  100.00%

🙌 Upscayled Successfully!

[2026-02-12 18:26:17.440] [info]  💯 Done upscaling
[2026-02-12 18:26:17.449] [info]  🎒 BACKEND REPORTED:  💯 Done upscaling
[2026-02-12 18:26:17.449] [info]  upscaledImagePath:  /home/graso/Wallpapers/random_wallpaper_upscayl_4x_digital-art-4x.png
[2026-02-12 18:26:17.449] [info]  💯 UPSCAYL_DONE:  /home/graso/Wallpapers/random_wallpaper_upscayl_4x_digital-art-4x.png
[2026-03-29 18:13:37.604] [info]  🆙 Upscayl version: 2.15.0 FOSS
[2026-03-29 18:13:37.607] [info]  🚀 UPSCAYL EXEC PATH:  /usr/share/upscayl/bin/upscayl-bin
[2026-03-29 18:13:37.607] [info]  🚀 MODELS PATH:  /usr/share/upscayl/models
[2026-03-29 18:13:37.608] [info]  🚃 App Path:  /usr/share/upscayl/app.asar
[2026-03-29 18:13:38.406] [info]  💻 System Info: {"platform":"linux","release":"6.19.9-zen1-1-zen","arch":"x64","model":"AMD Ryzen 5 5600X 6-Core Processor","cpuCount":12,"gpu":{"active":true,"deviceId":9346,"gpuPreference":0,"vendorId":4318}}
[2026-03-29 18:13:49.549] [info]  🔄 Resetting image paths
[2026-03-29 18:13:58.050] [info]  🖼️ Updating Image Path:  /mnt/general/Descargas/the-primarchs-warhammer-40k-the-horus-heresy-vs-18-v0-25wh73mocjoe1.webp
[2026-03-29 18:13:58.051] [info]  📄 Selected File Path:  /mnt/general/Descargas/the-primarchs-warhammer-40k-the-horus-heresy-vs-18-v0-25wh73mocjoe1.webp
[2026-03-29 18:13:58.056] [info]  🎒 BACKEND REPORTED:  🖼️ Updating Image Path:  /mnt/general/Descargas/the-primarchs-warhammer-40k-the-horus-heresy-vs-18-v0-25wh73mocjoe1.webp
[2026-03-29 18:13:58.058] [info]  🖼 Selected Image Path:  /mnt/general/Descargas/the-primarchs-warhammer-40k-the-horus-heresy-vs-18-v0-25wh73mocjoe1.webp
[2026-03-29 18:13:58.058] [info]  📁 Selected Image Directory:  /mnt/general/Descargas
[2026-03-29 18:13:58.058] [info]  🖼 imagePath:  /mnt/general/Descargas/the-primarchs-warhammer-40k-the-horus-heresy-vs-18-v0-25wh73mocjoe1.webp
[2026-03-29 18:13:58.059] [info]  🔤 Extension:  webp
[2026-03-29 18:13:58.068] [info]  🎒 BACKEND REPORTED:  📄 Selected File Path:  /mnt/general/Descargas/the-primarchs-warhammer-40k-the-horus-heresy-vs-18-v0-25wh73mocjoe1.webp
[2026-03-29 18:14:19.701] [info]  🚫 Select Folder Operation Cancelled
[2026-03-29 18:14:19.705] [info]  🎒 BACKEND REPORTED:  🚫 Select Folder Operation Cancelled
[2026-03-29 18:15:21.172] [info]  📁 Updating Folder Path:  /mnt/general/Descargas
[2026-03-29 18:15:21.173] [info]  📁 Selected Folder Path:  /mnt/general/Descargas
[2026-03-29 18:15:21.174] [info]  🎒 BACKEND REPORTED:  📁 Updating Folder Path:  /mnt/general/Descargas
[2026-03-29 18:15:21.175] [info]  🗂 Setting Output Path:  /mnt/general/Descargas
[2026-03-29 18:15:21.184] [info]  🎒 BACKEND REPORTED:  📁 Selected Folder Path:  /mnt/general/Descargas
[2026-03-29 18:15:23.093] [info]  🔄 Resetting Upscaled Image Path
[2026-03-29 18:15:23.094] [info]  ✅ Upscayl Variables:  {"model":"digital-art-4x","gpuId":null,"saveImageAs":"png","inputDir":"/mnt/general/Descargas","fileNameWithExt":"the-primarchs-warhammer-40k-the-horus-heresy-vs-18-v0-25wh73mocjoe1.webp","outputDir":"/mnt/general/Descargas","outFile":"/mnt/general/Descargas/the-primarchs-warhammer-40k-the-horus-heresy-vs-18-v0-25wh73mocjoe1_upscayl_4x_digital-art-4x.png","fileName":"the-primarchs-warhammer-40k-the-horus-heresy-vs-18-v0-25wh73mocjoe1","scale":"4","compression":"0","customWidth":"","useCustomWidth":false,"tileSize":null}
[2026-03-29 18:15:23.094] [info]  📢 Upscayl Command:  [
  '-i',
  '/mnt/general/Descargas/the-primarchs-warhammer-40k-the-horus-heresy-vs-18-v0-25wh73mocjoe1.webp',
  '-o',
  '/mnt/general/Descargas/the-primarchs-warhammer-40k-the-horus-heresy-vs-18-v0-25wh73mocjoe1_upscayl_4x_digital-art-4x.png',
  '-m',
  '/usr/share/upscayl/models',
  '-n',
  'digital-art-4x',
  '-f',
  'png',
  '-c',
  '0'
]
[2026-03-29 18:15:23.105] [info]  👶 Updating Child Processes:  {"binary":"/usr/share/upscayl/bin/upscayl-bin","args":["/usr/share/upscayl/bin/upscayl-bin","-i","/mnt/general/Descargas/the-primarchs-warhammer-40k-the-horus-heresy-vs-18-v0-25wh73mocjoe1.webp","-o","/mnt/general/Descargas/the-primarchs-warhammer-40k-the-horus-heresy-vs-18-v0-25wh73mocjoe1_upscayl_4x_digital-art-4x.png","-m","/usr/share/upscayl/models","-n","digital-art-4x","-f","png","-c","0"]}
[2026-03-29 18:15:23.105] [info]  🛑 Updating Stopped:  false
[2026-03-29 18:15:23.106] [info]  🏁 UPSCAYL
[2026-03-29 18:15:23.106] [info]  🎒 BACKEND REPORTED:  ✅ Upscayl Variables:  {"model":"digital-art-4x","gpuId":null,"saveImageAs":"png","inputDir":"/mnt/general/Descargas","fileNameWithExt":"the-primarchs-warhammer-40k-the-horus-heresy-vs-18-v0-25wh73mocjoe1.webp","outputDir":"/mnt/general/Descargas","outFile":"/mnt/general/Descargas/the-primarchs-warhammer-40k-the-horus-heresy-vs-18-v0-25wh73mocjoe1_upscayl_4x_digital-art-4x.png","fileName":"the-primarchs-warhammer-40k-the-horus-heresy-vs-18-v0-25wh73mocjoe1","scale":"4","compression":"0","customWidth":"","useCustomWidth":false,"tileSize":null}
[2026-03-29 18:15:23.106] [info]  🎒 BACKEND REPORTED:  📢 Upscayl Command:  -i,/mnt/general/Descargas/the-primarchs-warhammer-40k-the-horus-heresy-vs-18-v0-25wh73mocjoe1.webp,-o,/mnt/general/Descargas/the-primarchs-warhammer-40k-the-horus-heresy-vs-18-v0-25wh73mocjoe1_upscayl_4x_digital-art-4x.png,-m,/usr/share/upscayl/models,-n,digital-art-4x,-f,png,-c,0
[2026-03-29 18:15:23.107] [info]  🎒 BACKEND REPORTED:  👶 Updating Child Processes:  {"binary":"/usr/share/upscayl/bin/upscayl-bin","args":["/usr/share/upscayl/bin/upscayl-bin","-i","/mnt/general/Descargas/the-primarchs-warhammer-40k-the-horus-heresy-vs-18-v0-25wh73mocjoe1.webp","-o","/mnt/general/Descargas/the-primarchs-warhammer-40k-the-horus-heresy-vs-18-v0-25wh73mocjoe1_upscayl_4x_digital-art-4x.png","-m","/usr/share/upscayl/models","-n","digital-art-4x","-f","png","-c","0"]}
[2026-03-29 18:15:23.107] [info]  🎒 BACKEND REPORTED:  🛑 Updating Stopped:  false
[2026-03-29 18:15:23.113] [info]  🚀 Starting Upscayl - Copyright © 2024

[2026-03-29 18:15:23.114] [info]  🎒 BACKEND REPORTED:  🚀 Starting Upscayl - Copyright © 2024

[2026-03-29 18:15:23.114] [info]  ✨ Detected scale x4
✨ Using the default scale x4

[2026-03-29 18:15:23.115] [info]  🚧 UPSCAYL_PROGRESS:  🚀 Starting Upscayl - Copyright © 2024

[2026-03-29 18:15:23.115] [info]  🎒 BACKEND REPORTED:  ✨ Detected scale x4
✨ Using the default scale x4

[2026-03-29 18:15:23.116] [info]  🚧 UPSCAYL_PROGRESS:  ✨ Detected scale x4
✨ Using the default scale x4

[2026-03-29 18:15:23.170] [info]  [0 NVIDIA GeForce RTX 3070 Ti]  queueC=2[8]  queueG=0[16]  queueT=1[2]
[0 NVIDIA GeForce RTX 3070 Ti]  bugsbn1=0  bugbilz=0  bugcopc=0  bugihfa=0
[0 NVIDIA GeForce RTX 3070 Ti]  fp16-p/s/a=1/1/1  int8-p/s/a=1/1/1
[0 NVIDIA GeForce RTX 3070 Ti]  subgroup=32  basic=1  vote=1  ballot=1  shuffle=1

[2026-03-29 18:15:23.171] [info]  🎒 BACKEND REPORTED:  [0 NVIDIA GeForce RTX 3070 Ti]  queueC=2[8]  queueG=0[16]  queueT=1[2]
[0 NVIDIA GeForce RTX 3070 Ti]  bugsbn1=0  bugbilz=0  bugcopc=0  bugihfa=0
[0 NVIDIA GeForce RTX 3070 Ti]  fp16-p/s/a=1/1/1  int8-p/s/a=1/1/1
[0 NVIDIA GeForce RTX 3070 Ti]  subgroup=32  basic=1  vote=1  ballot=1  shuffle=1

[2026-03-29 18:15:23.172] [info]  🚧 UPSCAYL_PROGRESS:  [0 NVIDIA GeForce RTX 3070 Ti]  queueC=2[8]  queueG=0[16]  queueT=1[2]
[0 NVIDIA GeForce RTX 3070 Ti]  bugsbn1=0  bugbilz=0  bugcopc=0  bugihfa=0
[0 NVIDIA GeForce RTX 3070 Ti]  fp16-p/s/a=1/1/1  int8-p/s/a=1/1/1
[0 NVIDIA GeForce RTX 3070 Ti]  subgroup=32  basic=1  vote=1  ballot=1  shuffle=1

[2026-03-29 18:15:25.409] [info]  0,00%

[2026-03-29 18:15:25.410] [info]  🎒 BACKEND REPORTED:  0,00%

[2026-03-29 18:15:25.411] [info]  🚧 UPSCAYL_PROGRESS:  0,00%

[2026-03-29 18:15:25.458] [info]  4,17%

[2026-03-29 18:15:25.459] [info]  🎒 BACKEND REPORTED:  4,17%

[2026-03-29 18:15:25.460] [info]  🚧 UPSCAYL_PROGRESS:  4,17%

[2026-03-29 18:15:25.508] [info]  8,33%

[2026-03-29 18:15:25.508] [info]  🎒 BACKEND REPORTED:  8,33%

[2026-03-29 18:15:25.509] [info]  🚧 UPSCAYL_PROGRESS:  8,33%

[2026-03-29 18:15:25.556] [info]  12,50%

[2026-03-29 18:15:25.557] [info]  🎒 BACKEND REPORTED:  12,50%

[2026-03-29 18:15:25.558] [info]  🚧 UPSCAYL_PROGRESS:  12,50%

[2026-03-29 18:15:25.605] [info]  16,67%

[2026-03-29 18:15:25.605] [info]  🎒 BACKEND REPORTED:  16,67%

[2026-03-29 18:15:25.606] [info]  🚧 UPSCAYL_PROGRESS:  16,67%

[2026-03-29 18:15:25.629] [info]  20,83%

[2026-03-29 18:15:25.630] [info]  🎒 BACKEND REPORTED:  20,83%

[2026-03-29 18:15:25.631] [info]  🚧 UPSCAYL_PROGRESS:  20,83%

[2026-03-29 18:15:25.683] [info]  25,00%

[2026-03-29 18:15:25.683] [info]  🎒 BACKEND REPORTED:  25,00%

[2026-03-29 18:15:25.685] [info]  🚧 UPSCAYL_PROGRESS:  25,00%

[2026-03-29 18:15:25.732] [info]  29,17%

[2026-03-29 18:15:25.733] [info]  🎒 BACKEND REPORTED:  29,17%

[2026-03-29 18:15:25.734] [info]  🚧 UPSCAYL_PROGRESS:  29,17%

[2026-03-29 18:15:25.780] [info]  33,33%

[2026-03-29 18:15:25.781] [info]  🎒 BACKEND REPORTED:  33,33%

[2026-03-29 18:15:25.782] [info]  🚧 UPSCAYL_PROGRESS:  33,33%

[2026-03-29 18:15:25.830] [info]  37,50%

[2026-03-29 18:15:25.830] [info]  🎒 BACKEND REPORTED:  37,50%

[2026-03-29 18:15:25.831] [info]  🚧 UPSCAYL_PROGRESS:  37,50%

[2026-03-29 18:15:25.877] [info]  41,67%

[2026-03-29 18:15:25.878] [info]  🎒 BACKEND REPORTED:  41,67%

[2026-03-29 18:15:25.879] [info]  🚧 UPSCAYL_PROGRESS:  41,67%

[2026-03-29 18:15:25.902] [info]  45,83%

[2026-03-29 18:15:25.902] [info]  🎒 BACKEND REPORTED:  45,83%

[2026-03-29 18:15:25.903] [info]  🚧 UPSCAYL_PROGRESS:  45,83%

[2026-03-29 18:15:25.953] [info]  50,00%

[2026-03-29 18:15:25.953] [info]  🎒 BACKEND REPORTED:  50,00%

[2026-03-29 18:15:25.954] [info]  🚧 UPSCAYL_PROGRESS:  50,00%

[2026-03-29 18:15:26.002] [info]  54,17%

[2026-03-29 18:15:26.002] [info]  🎒 BACKEND REPORTED:  54,17%

[2026-03-29 18:15:26.003] [info]  🚧 UPSCAYL_PROGRESS:  54,17%

[2026-03-29 18:15:26.051] [info]  58,33%

[2026-03-29 18:15:26.052] [info]  🎒 BACKEND REPORTED:  58,33%

[2026-03-29 18:15:26.053] [info]  🚧 UPSCAYL_PROGRESS:  58,33%

[2026-03-29 18:15:26.101] [info]  62,50%

[2026-03-29 18:15:26.101] [info]  🎒 BACKEND REPORTED:  62,50%

[2026-03-29 18:15:26.102] [info]  🚧 UPSCAYL_PROGRESS:  62,50%

[2026-03-29 18:15:26.150] [info]  66,67%

[2026-03-29 18:15:26.151] [info]  🎒 BACKEND REPORTED:  66,67%

[2026-03-29 18:15:26.152] [info]  🚧 UPSCAYL_PROGRESS:  66,67%

[2026-03-29 18:15:26.174] [info]  70,83%

[2026-03-29 18:15:26.175] [info]  🎒 BACKEND REPORTED:  70,83%

[2026-03-29 18:15:26.176] [info]  🚧 UPSCAYL_PROGRESS:  70,83%

[2026-03-29 18:15:26.186] [info]  75,00%

[2026-03-29 18:15:26.186] [info]  🎒 BACKEND REPORTED:  75,00%

[2026-03-29 18:15:26.187] [info]  🚧 UPSCAYL_PROGRESS:  75,00%

[2026-03-29 18:15:26.194] [info]  79,17%

[2026-03-29 18:15:26.194] [info]  🎒 BACKEND REPORTED:  79,17%

[2026-03-29 18:15:26.195] [info]  🚧 UPSCAYL_PROGRESS:  79,17%

[2026-03-29 18:15:26.202] [info]  83,33%

[2026-03-29 18:15:26.202] [info]  🎒 BACKEND REPORTED:  83,33%

[2026-03-29 18:15:26.203] [info]  🚧 UPSCAYL_PROGRESS:  83,33%

[2026-03-29 18:15:26.210] [info]  87,50%

[2026-03-29 18:15:26.210] [info]  🎒 BACKEND REPORTED:  87,50%

[2026-03-29 18:15:26.211] [info]  🚧 UPSCAYL_PROGRESS:  87,50%

[2026-03-29 18:15:26.218] [info]  91,67%

[2026-03-29 18:15:26.219] [info]  🎒 BACKEND REPORTED:  91,67%

[2026-03-29 18:15:26.219] [info]  🚧 UPSCAYL_PROGRESS:  91,67%

[2026-03-29 18:15:26.223] [info]  95,83%

[2026-03-29 18:15:26.223] [info]  🎒 BACKEND REPORTED:  95,83%

[2026-03-29 18:15:26.224] [info]  🚧 UPSCAYL_PROGRESS:  95,83%

[2026-03-29 18:15:27.797] [info]  100.00%

🙌 Upscayled Successfully!

[2026-03-29 18:15:27.798] [info]  🎒 BACKEND REPORTED:  100.00%

🙌 Upscayled Successfully!

[2026-03-29 18:15:27.799] [info]  🚧 UPSCAYL_PROGRESS:  100.00%

🙌 Upscayled Successfully!

[2026-03-29 18:15:28.031] [info]  💯 Done upscaling
[2026-03-29 18:15:28.034] [info]  🎒 BACKEND REPORTED:  💯 Done upscaling
[2026-03-29 18:15:28.034] [info]  upscaledImagePath:  /mnt/general/Descargas/the-primarchs-warhammer-40k-the-horus-heresy-vs-18-v0-25wh73mocjoe1_upscayl_4x_digital-art-4x.png
[2026-03-29 18:15:28.034] [info]  💯 UPSCAYL_DONE:  /mnt/general/Descargas/the-primarchs-warhammer-40k-the-horus-heresy-vs-18-v0-25wh73mocjoe1_upscayl_4x_digital-art-4x.png
[2026-03-29 18:20:37.921] [info]  🚫 Select Folder Operation Cancelled
[2026-03-29 18:20:37.924] [info]  🎒 BACKEND REPORTED:  🚫 Select Folder Operation Cancelled
[2026-07-29 00:20:16.620] [info]  🆙 Upscayl version: 2.15.0 FOSS
[2026-07-29 00:20:16.623] [info]  🚀 UPSCAYL EXEC PATH:  /usr/share/upscayl/bin/upscayl-bin
[2026-07-29 00:20:16.623] [info]  🚀 MODELS PATH:  /usr/share/upscayl/models
[2026-07-29 00:20:16.624] [info]  🚃 App Path:  /usr/share/upscayl/app.asar
[2026-07-29 00:20:17.499] [info]  💻 System Info: {"platform":"linux","release":"7.1.4-zen1-1-zen","arch":"x64","model":"AMD Ryzen 5 5600X 6-Core Processor","cpuCount":12,"gpu":{"active":true,"deviceId":9346,"gpuPreference":0,"vendorId":4318}}
[2026-07-29 00:20:19.986] [info]  🔄 Resetting image paths
[2026-07-29 00:20:19.986] [info]  ⤵️ Dropped file:  {"type":"image/png","extension":"png"}
[2026-07-29 00:20:19.987] [info]  🖼 Setting image path:  undefined
[2026-07-29 00:20:28.615] [info]  🆙 Upscayl version: 2.15.0 FOSS
[2026-07-29 00:20:28.617] [info]  🚀 UPSCAYL EXEC PATH:  /usr/share/upscayl/bin/upscayl-bin
[2026-07-29 00:20:28.618] [info]  🚀 MODELS PATH:  /usr/share/upscayl/models
[2026-07-29 00:20:28.619] [info]  🚃 App Path:  /usr/share/upscayl/app.asar
[2026-07-29 00:20:29.377] [info]  💻 System Info: {"platform":"linux","release":"7.1.4-zen1-1-zen","arch":"x64","model":"AMD Ryzen 5 5600X 6-Core Processor","cpuCount":12,"gpu":{"active":true,"deviceId":9346,"gpuPreference":0,"vendorId":4318}}
[2026-07-29 00:20:42.016] [info]  🔄 Resetting image paths
[2026-07-29 00:20:42.016] [info]  ⤵️ Dropped file:  {"type":"image/png","extension":"png"}
[2026-07-29 00:20:42.016] [info]  🖼 Setting image path:  undefined
[2026-07-29 00:20:48.530] [info]  🆙 Upscayl version: 2.15.0 FOSS
[2026-07-29 00:20:48.534] [info]  🚀 UPSCAYL EXEC PATH:  /usr/share/upscayl/bin/upscayl-bin
[2026-07-29 00:20:48.534] [info]  🚀 MODELS PATH:  /usr/share/upscayl/models
[2026-07-29 00:20:48.535] [info]  🚃 App Path:  /usr/share/upscayl/app.asar
[2026-07-29 00:20:49.292] [info]  💻 System Info: {"platform":"linux","release":"7.1.4-zen1-1-zen","arch":"x64","model":"AMD Ryzen 5 5600X 6-Core Processor","cpuCount":12,"gpu":{"active":true,"deviceId":9346,"gpuPreference":0,"vendorId":4318}}
[2026-07-29 00:20:54.266] [info]  🔄 Resetting image paths
[2026-07-29 00:21:10.385] [info]  🖼️ Updating Image Path:  /mnt/general/Descargas/Gemini_Generated_Image_kszyf3kszyf3kszy(1).png
[2026-07-29 00:21:10.385] [info]  📄 Selected File Path:  /mnt/general/Descargas/Gemini_Generated_Image_kszyf3kszyf3kszy(1).png
[2026-07-29 00:21:10.386] [info]  🎒 BACKEND REPORTED:  🖼️ Updating Image Path:  /mnt/general/Descargas/Gemini_Generated_Image_kszyf3kszyf3kszy(1).png
[2026-07-29 00:21:10.386] [info]  🖼 Selected Image Path:  /mnt/general/Descargas/Gemini_Generated_Image_kszyf3kszyf3kszy(1).png
[2026-07-29 00:21:10.387] [info]  📁 Selected Image Directory:  /mnt/general/Descargas
[2026-07-29 00:21:10.387] [info]  🖼 imagePath:  /mnt/general/Descargas/Gemini_Generated_Image_kszyf3kszyf3kszy(1).png
[2026-07-29 00:21:10.387] [info]  🔤 Extension:  png
[2026-07-29 00:21:10.391] [info]  🎒 BACKEND REPORTED:  📄 Selected File Path:  /mnt/general/Descargas/Gemini_Generated_Image_kszyf3kszyf3kszy(1).png
[2026-07-29 00:21:31.879] [info]  🔄 Resetting Upscaled Image Path
[2026-07-29 00:21:31.880] [info]  ✅ Upscayl Variables:  {"model":"digital-art-4x","gpuId":null,"saveImageAs":"png","inputDir":"/mnt/general/Descargas","fileNameWithExt":"Gemini_Generated_Image_kszyf3kszyf3kszy(1).png","outputDir":"/mnt/general/Descargas","outFile":"/mnt/general/Descargas/Gemini_Generated_Image_kszyf3kszyf3kszy(1)_upscayl_4x_digital-art-4x.png","fileName":"Gemini_Generated_Image_kszyf3kszyf3kszy(1)","scale":"4","compression":"0","customWidth":"","useCustomWidth":false,"tileSize":null}
[2026-07-29 00:21:31.880] [info]  📢 Upscayl Command:  [
  '-i',
  '/mnt/general/Descargas/Gemini_Generated_Image_kszyf3kszyf3kszy(1).png',
  '-o',
  '/mnt/general/Descargas/Gemini_Generated_Image_kszyf3kszyf3kszy(1)_upscayl_4x_digital-art-4x.png',
  '-m',
  '/usr/share/upscayl/models',
  '-n',
  'digital-art-4x',
  '-f',
  'png',
  '-c',
  '0'
]
[2026-07-29 00:21:31.891] [info]  👶 Updating Child Processes:  {"binary":"/usr/share/upscayl/bin/upscayl-bin","args":["/usr/share/upscayl/bin/upscayl-bin","-i","/mnt/general/Descargas/Gemini_Generated_Image_kszyf3kszyf3kszy(1).png","-o","/mnt/general/Descargas/Gemini_Generated_Image_kszyf3kszyf3kszy(1)_upscayl_4x_digital-art-4x.png","-m","/usr/share/upscayl/models","-n","digital-art-4x","-f","png","-c","0"]}
[2026-07-29 00:21:31.892] [info]  🛑 Updating Stopped:  false
[2026-07-29 00:21:31.892] [info]  🏁 UPSCAYL
[2026-07-29 00:21:31.893] [info]  🎒 BACKEND REPORTED:  ✅ Upscayl Variables:  {"model":"digital-art-4x","gpuId":null,"saveImageAs":"png","inputDir":"/mnt/general/Descargas","fileNameWithExt":"Gemini_Generated_Image_kszyf3kszyf3kszy(1).png","outputDir":"/mnt/general/Descargas","outFile":"/mnt/general/Descargas/Gemini_Generated_Image_kszyf3kszyf3kszy(1)_upscayl_4x_digital-art-4x.png","fileName":"Gemini_Generated_Image_kszyf3kszyf3kszy(1)","scale":"4","compression":"0","customWidth":"","useCustomWidth":false,"tileSize":null}
[2026-07-29 00:21:31.893] [info]  🎒 BACKEND REPORTED:  📢 Upscayl Command:  -i,/mnt/general/Descargas/Gemini_Generated_Image_kszyf3kszyf3kszy(1).png,-o,/mnt/general/Descargas/Gemini_Generated_Image_kszyf3kszyf3kszy(1)_upscayl_4x_digital-art-4x.png,-m,/usr/share/upscayl/models,-n,digital-art-4x,-f,png,-c,0
[2026-07-29 00:21:31.893] [info]  🎒 BACKEND REPORTED:  👶 Updating Child Processes:  {"binary":"/usr/share/upscayl/bin/upscayl-bin","args":["/usr/share/upscayl/bin/upscayl-bin","-i","/mnt/general/Descargas/Gemini_Generated_Image_kszyf3kszyf3kszy(1).png","-o","/mnt/general/Descargas/Gemini_Generated_Image_kszyf3kszyf3kszy(1)_upscayl_4x_digital-art-4x.png","-m","/usr/share/upscayl/models","-n","digital-art-4x","-f","png","-c","0"]}
[2026-07-29 00:21:31.893] [info]  🎒 BACKEND REPORTED:  🛑 Updating Stopped:  false
[2026-07-29 00:21:31.898] [info]  🚀 Starting Upscayl - Copyright © 2024

[2026-07-29 00:21:31.898] [info]  🎒 BACKEND REPORTED:  🚀 Starting Upscayl - Copyright © 2024

[2026-07-29 00:21:31.899] [info]  ✨ Detected scale x4
✨ Using the default scale x4

[2026-07-29 00:21:31.899] [info]  🚧 UPSCAYL_PROGRESS:  🚀 Starting Upscayl - Copyright © 2024

[2026-07-29 00:21:31.899] [info]  🎒 BACKEND REPORTED:  ✨ Detected scale x4
✨ Using the default scale x4

[2026-07-29 00:21:31.900] [info]  🚧 UPSCAYL_PROGRESS:  ✨ Detected scale x4
✨ Using the default scale x4

[2026-07-29 00:21:31.961] [info]  [0 NVIDIA GeForce RTX 3070 Ti]  queueC=2[8]  queueG=0[16]  queueT=1[2]
[0 NVIDIA GeForce RTX 3070 Ti]  bugsbn1=0  bugbilz=0  bugcopc=0  bugihfa=0
[0 NVIDIA GeForce RTX 3070 Ti]  fp16-p/s/a=1/1/1  int8-p/s/a=1/1/1
[0 NVIDIA GeForce RTX 3070 Ti]  subgroup=32  basic=1  vote=1  ballot=1  shuffle=1

[2026-07-29 00:21:31.962] [info]  🎒 BACKEND REPORTED:  [0 NVIDIA GeForce RTX 3070 Ti]  queueC=2[8]  queueG=0[16]  queueT=1[2]
[0 NVIDIA GeForce RTX 3070 Ti]  bugsbn1=0  bugbilz=0  bugcopc=0  bugihfa=0
[0 NVIDIA GeForce RTX 3070 Ti]  fp16-p/s/a=1/1/1  int8-p/s/a=1/1/1
[0 NVIDIA GeForce RTX 3070 Ti]  subgroup=32  basic=1  vote=1  ballot=1  shuffle=1

[2026-07-29 00:21:31.963] [info]  🚧 UPSCAYL_PROGRESS:  [0 NVIDIA GeForce RTX 3070 Ti]  queueC=2[8]  queueG=0[16]  queueT=1[2]
[0 NVIDIA GeForce RTX 3070 Ti]  bugsbn1=0  bugbilz=0  bugcopc=0  bugihfa=0
[0 NVIDIA GeForce RTX 3070 Ti]  fp16-p/s/a=1/1/1  int8-p/s/a=1/1/1
[0 NVIDIA GeForce RTX 3070 Ti]  subgroup=32  basic=1  vote=1  ballot=1  shuffle=1

[2026-07-29 00:21:34.432] [info]  0,00%

[2026-07-29 00:21:34.432] [info]  🎒 BACKEND REPORTED:  0,00%

[2026-07-29 00:21:34.434] [info]  🚧 UPSCAYL_PROGRESS:  0,00%

[2026-07-29 00:21:34.475] [info]  0,84%

[2026-07-29 00:21:34.476] [info]  🎒 BACKEND REPORTED:  0,84%

[2026-07-29 00:21:34.477] [info]  🚧 UPSCAYL_PROGRESS:  0,84%

[2026-07-29 00:21:34.518] [info]  1,68%

[2026-07-29 00:21:34.518] [info]  🎒 BACKEND REPORTED:  1,68%

[2026-07-29 00:21:34.519] [info]  🚧 UPSCAYL_PROGRESS:  1,68%

[2026-07-29 00:21:34.560] [info]  2,52%

[2026-07-29 00:21:34.561] [info]  🎒 BACKEND REPORTED:  2,52%

[2026-07-29 00:21:34.562] [info]  🚧 UPSCAYL_PROGRESS:  2,52%

[2026-07-29 00:21:34.603] [info]  3,36%

[2026-07-29 00:21:34.603] [info]  🎒 BACKEND REPORTED:  3,36%

[2026-07-29 00:21:34.604] [info]  🚧 UPSCAYL_PROGRESS:  3,36%

[2026-07-29 00:21:34.644] [info]  4,20%

[2026-07-29 00:21:34.645] [info]  🎒 BACKEND REPORTED:  4,20%

[2026-07-29 00:21:34.646] [info]  🚧 UPSCAYL_PROGRESS:  4,20%

[2026-07-29 00:21:34.689] [info]  5,04%

[2026-07-29 00:21:34.690] [info]  🎒 BACKEND REPORTED:  5,04%

[2026-07-29 00:21:34.691] [info]  🚧 UPSCAYL_PROGRESS:  5,04%

[2026-07-29 00:21:34.734] [info]  5,88%

[2026-07-29 00:21:34.734] [info]  🎒 BACKEND REPORTED:  5,88%

[2026-07-29 00:21:34.735] [info]  🚧 UPSCAYL_PROGRESS:  5,88%

[2026-07-29 00:21:34.778] [info]  6,72%

[2026-07-29 00:21:34.779] [info]  🎒 BACKEND REPORTED:  6,72%

[2026-07-29 00:21:34.779] [info]  🚧 UPSCAYL_PROGRESS:  6,72%

[2026-07-29 00:21:34.821] [info]  7,56%

[2026-07-29 00:21:34.822] [info]  🎒 BACKEND REPORTED:  7,56%

[2026-07-29 00:21:34.823] [info]  🚧 UPSCAYL_PROGRESS:  7,56%

[2026-07-29 00:21:34.864] [info]  8,40%

[2026-07-29 00:21:34.864] [info]  🎒 BACKEND REPORTED:  8,40%

[2026-07-29 00:21:34.865] [info]  🚧 UPSCAYL_PROGRESS:  8,40%

[2026-07-29 00:21:34.907] [info]  9,24%

[2026-07-29 00:21:34.908] [info]  🎒 BACKEND REPORTED:  9,24%

[2026-07-29 00:21:34.909] [info]  🚧 UPSCAYL_PROGRESS:  9,24%

[2026-07-29 00:21:34.950] [info]  10,08%

[2026-07-29 00:21:34.951] [info]  🎒 BACKEND REPORTED:  10,08%

[2026-07-29 00:21:34.952] [info]  🚧 UPSCAYL_PROGRESS:  10,08%

[2026-07-29 00:21:34.994] [info]  10,92%

[2026-07-29 00:21:34.994] [info]  🎒 BACKEND REPORTED:  10,92%

[2026-07-29 00:21:34.995] [info]  🚧 UPSCAYL_PROGRESS:  10,92%

[2026-07-29 00:21:35.037] [info]  11,76%

[2026-07-29 00:21:35.038] [info]  🎒 BACKEND REPORTED:  11,76%

[2026-07-29 00:21:35.039] [info]  🚧 UPSCAYL_PROGRESS:  11,76%

[2026-07-29 00:21:35.081] [info]  12,61%

[2026-07-29 00:21:35.081] [info]  🎒 BACKEND REPORTED:  12,61%

[2026-07-29 00:21:35.082] [info]  🚧 UPSCAYL_PROGRESS:  12,61%

[2026-07-29 00:21:35.090] [info]  13,45%

[2026-07-29 00:21:35.090] [info]  🎒 BACKEND REPORTED:  13,45%

[2026-07-29 00:21:35.091] [info]  🚧 UPSCAYL_PROGRESS:  13,45%

[2026-07-29 00:21:35.154] [info]  14,29%

[2026-07-29 00:21:35.155] [info]  🎒 BACKEND REPORTED:  14,29%

[2026-07-29 00:21:35.156] [info]  🚧 UPSCAYL_PROGRESS:  14,29%

[2026-07-29 00:21:35.196] [info]  15,13%

[2026-07-29 00:21:35.197] [info]  🎒 BACKEND REPORTED:  15,13%

[2026-07-29 00:21:35.198] [info]  🚧 UPSCAYL_PROGRESS:  15,13%

[2026-07-29 00:21:35.239] [info]  15,97%

[2026-07-29 00:21:35.240] [info]  🎒 BACKEND REPORTED:  15,97%

[2026-07-29 00:21:35.241] [info]  🚧 UPSCAYL_PROGRESS:  15,97%

[2026-07-29 00:21:35.283] [info]  16,81%

[2026-07-29 00:21:35.283] [info]  🎒 BACKEND REPORTED:  16,81%

[2026-07-29 00:21:35.284] [info]  🚧 UPSCAYL_PROGRESS:  16,81%

[2026-07-29 00:21:35.327] [info]  17,65%

[2026-07-29 00:21:35.327] [info]  🎒 BACKEND REPORTED:  17,65%

[2026-07-29 00:21:35.328] [info]  🚧 UPSCAYL_PROGRESS:  17,65%

[2026-07-29 00:21:35.369] [info]  18,49%

[2026-07-29 00:21:35.370] [info]  🎒 BACKEND REPORTED:  18,49%

[2026-07-29 00:21:35.370] [info]  🚧 UPSCAYL_PROGRESS:  18,49%

[2026-07-29 00:21:35.413] [info]  19,33%

[2026-07-29 00:21:35.414] [info]  🎒 BACKEND REPORTED:  19,33%

[2026-07-29 00:21:35.415] [info]  🚧 UPSCAYL_PROGRESS:  19,33%

[2026-07-29 00:21:35.456] [info]  20,17%

[2026-07-29 00:21:35.457] [info]  🎒 BACKEND REPORTED:  20,17%

[2026-07-29 00:21:35.458] [info]  🚧 UPSCAYL_PROGRESS:  20,17%

[2026-07-29 00:21:35.499] [info]  21,01%

[2026-07-29 00:21:35.500] [info]  🎒 BACKEND REPORTED:  21,01%

[2026-07-29 00:21:35.501] [info]  🚧 UPSCAYL_PROGRESS:  21,01%

[2026-07-29 00:21:35.542] [info]  21,85%

[2026-07-29 00:21:35.542] [info]  🎒 BACKEND REPORTED:  21,85%

[2026-07-29 00:21:35.543] [info]  🚧 UPSCAYL_PROGRESS:  21,85%

[2026-07-29 00:21:35.585] [info]  22,69%

[2026-07-29 00:21:35.585] [info]  🎒 BACKEND REPORTED:  22,69%

[2026-07-29 00:21:35.587] [info]  🚧 UPSCAYL_PROGRESS:  22,69%

[2026-07-29 00:21:35.628] [info]  23,53%

[2026-07-29 00:21:35.629] [info]  🎒 BACKEND REPORTED:  23,53%

[2026-07-29 00:21:35.630] [info]  🚧 UPSCAYL_PROGRESS:  23,53%

[2026-07-29 00:21:35.670] [info]  24,37%

[2026-07-29 00:21:35.671] [info]  🎒 BACKEND REPORTED:  24,37%

[2026-07-29 00:21:35.672] [info]  🚧 UPSCAYL_PROGRESS:  24,37%

[2026-07-29 00:21:35.714] [info]  25,21%

[2026-07-29 00:21:35.715] [info]  🎒 BACKEND REPORTED:  25,21%

[2026-07-29 00:21:35.716] [info]  🚧 UPSCAYL_PROGRESS:  25,21%

[2026-07-29 00:21:35.757] [info]  26,05%

[2026-07-29 00:21:35.758] [info]  🎒 BACKEND REPORTED:  26,05%

[2026-07-29 00:21:35.759] [info]  🚧 UPSCAYL_PROGRESS:  26,05%

[2026-07-29 00:21:35.801] [info]  26,89%

[2026-07-29 00:21:35.801] [info]  🎒 BACKEND REPORTED:  26,89%

[2026-07-29 00:21:35.802] [info]  🚧 UPSCAYL_PROGRESS:  26,89%

[2026-07-29 00:21:35.810] [info]  27,73%

[2026-07-29 00:21:35.811] [info]  🎒 BACKEND REPORTED:  27,73%

[2026-07-29 00:21:35.812] [info]  🚧 UPSCAYL_PROGRESS:  27,73%

[2026-07-29 00:21:35.863] [info]  28,57%

[2026-07-29 00:21:35.863] [info]  🎒 BACKEND REPORTED:  28,57%

[2026-07-29 00:21:35.864] [info]  🚧 UPSCAYL_PROGRESS:  28,57%

[2026-07-29 00:21:35.906] [info]  29,41%

[2026-07-29 00:21:35.907] [info]  🎒 BACKEND REPORTED:  29,41%

[2026-07-29 00:21:35.908] [info]  🚧 UPSCAYL_PROGRESS:  29,41%

[2026-07-29 00:21:35.949] [info]  30,25%

[2026-07-29 00:21:35.950] [info]  🎒 BACKEND REPORTED:  30,25%

[2026-07-29 00:21:35.951] [info]  🚧 UPSCAYL_PROGRESS:  30,25%

[2026-07-29 00:21:35.991] [info]  31,09%

[2026-07-29 00:21:35.992] [info]  🎒 BACKEND REPORTED:  31,09%

[2026-07-29 00:21:35.993] [info]  🚧 UPSCAYL_PROGRESS:  31,09%

[2026-07-29 00:21:36.034] [info]  31,93%

[2026-07-29 00:21:36.035] [info]  🎒 BACKEND REPORTED:  31,93%

[2026-07-29 00:21:36.036] [info]  🚧 UPSCAYL_PROGRESS:  31,93%

[2026-07-29 00:21:36.076] [info]  32,77%

[2026-07-29 00:21:36.078] [info]  🎒 BACKEND REPORTED:  32,77%

[2026-07-29 00:21:36.079] [info]  🚧 UPSCAYL_PROGRESS:  32,77%

[2026-07-29 00:21:36.119] [info]  33,61%

[2026-07-29 00:21:36.120] [info]  🎒 BACKEND REPORTED:  33,61%

[2026-07-29 00:21:36.121] [info]  🚧 UPSCAYL_PROGRESS:  33,61%

[2026-07-29 00:21:36.162] [info]  34,45%

[2026-07-29 00:21:36.162] [info]  🎒 BACKEND REPORTED:  34,45%

[2026-07-29 00:21:36.163] [info]  🚧 UPSCAYL_PROGRESS:  34,45%

[2026-07-29 00:21:36.204] [info]  35,29%

[2026-07-29 00:21:36.204] [info]  🎒 BACKEND REPORTED:  35,29%

[2026-07-29 00:21:36.205] [info]  🚧 UPSCAYL_PROGRESS:  35,29%

[2026-07-29 00:21:36.246] [info]  36,13%

[2026-07-29 00:21:36.247] [info]  🎒 BACKEND REPORTED:  36,13%

[2026-07-29 00:21:36.248] [info]  🚧 UPSCAYL_PROGRESS:  36,13%

[2026-07-29 00:21:36.289] [info]  36,97%

[2026-07-29 00:21:36.290] [info]  🎒 BACKEND REPORTED:  36,97%

[2026-07-29 00:21:36.291] [info]  🚧 UPSCAYL_PROGRESS:  36,97%

[2026-07-29 00:21:36.331] [info]  37,82%

[2026-07-29 00:21:36.332] [info]  🎒 BACKEND REPORTED:  37,82%

[2026-07-29 00:21:36.333] [info]  🚧 UPSCAYL_PROGRESS:  37,82%

[2026-07-29 00:21:36.375] [info]  38,66%

[2026-07-29 00:21:36.376] [info]  🎒 BACKEND REPORTED:  38,66%

[2026-07-29 00:21:36.377] [info]  🚧 UPSCAYL_PROGRESS:  38,66%

[2026-07-29 00:21:36.418] [info]  39,50%

[2026-07-29 00:21:36.419] [info]  🎒 BACKEND REPORTED:  39,50%

[2026-07-29 00:21:36.420] [info]  🚧 UPSCAYL_PROGRESS:  39,50%

[2026-07-29 00:21:36.462] [info]  40,34%

[2026-07-29 00:21:36.462] [info]  🎒 BACKEND REPORTED:  40,34%

[2026-07-29 00:21:36.463] [info]  🚧 UPSCAYL_PROGRESS:  40,34%

[2026-07-29 00:21:36.506] [info]  41,18%

[2026-07-29 00:21:36.507] [info]  🎒 BACKEND REPORTED:  41,18%

[2026-07-29 00:21:36.508] [info]  🚧 UPSCAYL_PROGRESS:  41,18%

[2026-07-29 00:21:36.515] [info]  42,02%

[2026-07-29 00:21:36.515] [info]  🎒 BACKEND REPORTED:  42,02%

[2026-07-29 00:21:36.516] [info]  🚧 UPSCAYL_PROGRESS:  42,02%

[2026-07-29 00:21:36.565] [info]  42,86%

[2026-07-29 00:21:36.566] [info]  🎒 BACKEND REPORTED:  42,86%

[2026-07-29 00:21:36.567] [info]  🚧 UPSCAYL_PROGRESS:  42,86%

[2026-07-29 00:21:36.607] [info]  43,70%

[2026-07-29 00:21:36.608] [info]  🎒 BACKEND REPORTED:  43,70%

[2026-07-29 00:21:36.609] [info]  🚧 UPSCAYL_PROGRESS:  43,70%

[2026-07-29 00:21:36.651] [info]  44,54%

[2026-07-29 00:21:36.652] [info]  🎒 BACKEND REPORTED:  44,54%

[2026-07-29 00:21:36.653] [info]  🚧 UPSCAYL_PROGRESS:  44,54%

[2026-07-29 00:21:36.695] [info]  45,38%

[2026-07-29 00:21:36.696] [info]  🎒 BACKEND REPORTED:  45,38%

[2026-07-29 00:21:36.697] [info]  🚧 UPSCAYL_PROGRESS:  45,38%

[2026-07-29 00:21:36.737] [info]  46,22%

[2026-07-29 00:21:36.738] [info]  🎒 BACKEND REPORTED:  46,22%

[2026-07-29 00:21:36.739] [info]  🚧 UPSCAYL_PROGRESS:  46,22%

[2026-07-29 00:21:36.781] [info]  47,06%

[2026-07-29 00:21:36.781] [info]  🎒 BACKEND REPORTED:  47,06%

[2026-07-29 00:21:36.782] [info]  🚧 UPSCAYL_PROGRESS:  47,06%

[2026-07-29 00:21:36.823] [info]  47,90%

[2026-07-29 00:21:36.824] [info]  🎒 BACKEND REPORTED:  47,90%

[2026-07-29 00:21:36.825] [info]  🚧 UPSCAYL_PROGRESS:  47,90%

[2026-07-29 00:21:36.865] [info]  48,74%

[2026-07-29 00:21:36.866] [info]  🎒 BACKEND REPORTED:  48,74%

[2026-07-29 00:21:36.867] [info]  🚧 UPSCAYL_PROGRESS:  48,74%

[2026-07-29 00:21:36.909] [info]  49,58%

[2026-07-29 00:21:36.910] [info]  🎒 BACKEND REPORTED:  49,58%

[2026-07-29 00:21:36.911] [info]  🚧 UPSCAYL_PROGRESS:  49,58%

[2026-07-29 00:21:36.953] [info]  50,42%

[2026-07-29 00:21:36.953] [info]  🎒 BACKEND REPORTED:  50,42%

[2026-07-29 00:21:36.954] [info]  🚧 UPSCAYL_PROGRESS:  50,42%

[2026-07-29 00:21:36.996] [info]  51,26%

[2026-07-29 00:21:36.996] [info]  🎒 BACKEND REPORTED:  51,26%

[2026-07-29 00:21:36.997] [info]  🚧 UPSCAYL_PROGRESS:  51,26%

[2026-07-29 00:21:37.039] [info]  52,10%

[2026-07-29 00:21:37.040] [info]  🎒 BACKEND REPORTED:  52,10%

[2026-07-29 00:21:37.041] [info]  🚧 UPSCAYL_PROGRESS:  52,10%

[2026-07-29 00:21:37.083] [info]  52,94%

[2026-07-29 00:21:37.083] [info]  🎒 BACKEND REPORTED:  52,94%

[2026-07-29 00:21:37.084] [info]  🚧 UPSCAYL_PROGRESS:  52,94%

[2026-07-29 00:21:37.126] [info]  53,78%

[2026-07-29 00:21:37.126] [info]  🎒 BACKEND REPORTED:  53,78%

[2026-07-29 00:21:37.127] [info]  🚧 UPSCAYL_PROGRESS:  53,78%

[2026-07-29 00:21:37.167] [info]  54,62%

[2026-07-29 00:21:37.168] [info]  🎒 BACKEND REPORTED:  54,62%

[2026-07-29 00:21:37.169] [info]  🚧 UPSCAYL_PROGRESS:  54,62%

[2026-07-29 00:21:37.212] [info]  55,46%

[2026-07-29 00:21:37.213] [info]  🎒 BACKEND REPORTED:  55,46%

[2026-07-29 00:21:37.213] [info]  🚧 UPSCAYL_PROGRESS:  55,46%

[2026-07-29 00:21:37.220] [info]  56,30%

[2026-07-29 00:21:37.221] [info]  🎒 BACKEND REPORTED:  56,30%

[2026-07-29 00:21:37.222] [info]  🚧 UPSCAYL_PROGRESS:  56,30%

[2026-07-29 00:21:37.273] [info]  57,14%

[2026-07-29 00:21:37.273] [info]  🎒 BACKEND REPORTED:  57,14%

[2026-07-29 00:21:37.274] [info]  🚧 UPSCAYL_PROGRESS:  57,14%

[2026-07-29 00:21:37.316] [info]  57,98%

[2026-07-29 00:21:37.317] [info]  🎒 BACKEND REPORTED:  57,98%

[2026-07-29 00:21:37.318] [info]  🚧 UPSCAYL_PROGRESS:  57,98%

[2026-07-29 00:21:37.359] [info]  58,82%

[2026-07-29 00:21:37.360] [info]  🎒 BACKEND REPORTED:  58,82%

[2026-07-29 00:21:37.361] [info]  🚧 UPSCAYL_PROGRESS:  58,82%

[2026-07-29 00:21:37.404] [info]  59,66%

[2026-07-29 00:21:37.405] [info]  🎒 BACKEND REPORTED:  59,66%

[2026-07-29 00:21:37.406] [info]  🚧 UPSCAYL_PROGRESS:  59,66%

[2026-07-29 00:21:37.446] [info]  60,50%

[2026-07-29 00:21:37.447] [info]  🎒 BACKEND REPORTED:  60,50%

[2026-07-29 00:21:37.448] [info]  🚧 UPSCAYL_PROGRESS:  60,50%

[2026-07-29 00:21:37.490] [info]  61,34%

[2026-07-29 00:21:37.491] [info]  🎒 BACKEND REPORTED:  61,34%

[2026-07-29 00:21:37.492] [info]  🚧 UPSCAYL_PROGRESS:  61,34%

[2026-07-29 00:21:37.532] [info]  62,18%

[2026-07-29 00:21:37.533] [info]  🎒 BACKEND REPORTED:  62,18%

[2026-07-29 00:21:37.534] [info]  🚧 UPSCAYL_PROGRESS:  62,18%

[2026-07-29 00:21:37.575] [info]  63,03%

[2026-07-29 00:21:37.576] [info]  🎒 BACKEND REPORTED:  63,03%

[2026-07-29 00:21:37.577] [info]  🚧 UPSCAYL_PROGRESS:  63,03%

[2026-07-29 00:21:37.618] [info]  63,87%

[2026-07-29 00:21:37.618] [info]  🎒 BACKEND REPORTED:  63,87%

[2026-07-29 00:21:37.619] [info]  🚧 UPSCAYL_PROGRESS:  63,87%

[2026-07-29 00:21:37.660] [info]  64,71%

[2026-07-29 00:21:37.661] [info]  🎒 BACKEND REPORTED:  64,71%

[2026-07-29 00:21:37.662] [info]  🚧 UPSCAYL_PROGRESS:  64,71%

[2026-07-29 00:21:37.703] [info]  65,55%

[2026-07-29 00:21:37.704] [info]  🎒 BACKEND REPORTED:  65,55%

[2026-07-29 00:21:37.705] [info]  🚧 UPSCAYL_PROGRESS:  65,55%

[2026-07-29 00:21:37.747] [info]  66,39%

[2026-07-29 00:21:37.747] [info]  🎒 BACKEND REPORTED:  66,39%

[2026-07-29 00:21:37.748] [info]  🚧 UPSCAYL_PROGRESS:  66,39%

[2026-07-29 00:21:37.790] [info]  67,23%

[2026-07-29 00:21:37.791] [info]  🎒 BACKEND REPORTED:  67,23%

[2026-07-29 00:21:37.792] [info]  🚧 UPSCAYL_PROGRESS:  67,23%

[2026-07-29 00:21:37.833] [info]  68,07%

[2026-07-29 00:21:37.834] [info]  🎒 BACKEND REPORTED:  68,07%

[2026-07-29 00:21:37.835] [info]  🚧 UPSCAYL_PROGRESS:  68,07%

[2026-07-29 00:21:37.877] [info]  68,91%

[2026-07-29 00:21:37.878] [info]  🎒 BACKEND REPORTED:  68,91%

[2026-07-29 00:21:37.879] [info]  🚧 UPSCAYL_PROGRESS:  68,91%

[2026-07-29 00:21:37.919] [info]  69,75%

[2026-07-29 00:21:37.919] [info]  🎒 BACKEND REPORTED:  69,75%

[2026-07-29 00:21:37.921] [info]  🚧 UPSCAYL_PROGRESS:  69,75%

[2026-07-29 00:21:37.928] [info]  70,59%

[2026-07-29 00:21:37.929] [info]  🎒 BACKEND REPORTED:  70,59%

[2026-07-29 00:21:37.930] [info]  🚧 UPSCAYL_PROGRESS:  70,59%

[2026-07-29 00:21:37.987] [info]  71,43%

[2026-07-29 00:21:37.988] [info]  🎒 BACKEND REPORTED:  71,43%

[2026-07-29 00:21:37.989] [info]  🚧 UPSCAYL_PROGRESS:  71,43%

[2026-07-29 00:21:38.030] [info]  72,27%

[2026-07-29 00:21:38.031] [info]  🎒 BACKEND REPORTED:  72,27%

[2026-07-29 00:21:38.032] [info]  🚧 UPSCAYL_PROGRESS:  72,27%

[2026-07-29 00:21:38.074] [info]  73,11%

[2026-07-29 00:21:38.074] [info]  🎒 BACKEND REPORTED:  73,11%

[2026-07-29 00:21:38.076] [info]  🚧 UPSCAYL_PROGRESS:  73,11%

[2026-07-29 00:21:38.116] [info]  73,95%

[2026-07-29 00:21:38.117] [info]  🎒 BACKEND REPORTED:  73,95%

[2026-07-29 00:21:38.118] [info]  🚧 UPSCAYL_PROGRESS:  73,95%

[2026-07-29 00:21:38.160] [info]  74,79%

[2026-07-29 00:21:38.161] [info]  🎒 BACKEND REPORTED:  74,79%

[2026-07-29 00:21:38.162] [info]  🚧 UPSCAYL_PROGRESS:  74,79%

[2026-07-29 00:21:38.205] [info]  75,63%

[2026-07-29 00:21:38.206] [info]  🎒 BACKEND REPORTED:  75,63%

[2026-07-29 00:21:38.207] [info]  🚧 UPSCAYL_PROGRESS:  75,63%

[2026-07-29 00:21:38.247] [info]  76,47%

[2026-07-29 00:21:38.248] [info]  🎒 BACKEND REPORTED:  76,47%

[2026-07-29 00:21:38.249] [info]  🚧 UPSCAYL_PROGRESS:  76,47%

[2026-07-29 00:21:38.291] [info]  77,31%

[2026-07-29 00:21:38.292] [info]  🎒 BACKEND REPORTED:  77,31%

[2026-07-29 00:21:38.293] [info]  🚧 UPSCAYL_PROGRESS:  77,31%

[2026-07-29 00:21:38.333] [info]  78,15%

[2026-07-29 00:21:38.334] [info]  🎒 BACKEND REPORTED:  78,15%

[2026-07-29 00:21:38.336] [info]  🚧 UPSCAYL_PROGRESS:  78,15%

[2026-07-29 00:21:38.377] [info]  78,99%

[2026-07-29 00:21:38.378] [info]  🎒 BACKEND REPORTED:  78,99%

[2026-07-29 00:21:38.379] [info]  🚧 UPSCAYL_PROGRESS:  78,99%

[2026-07-29 00:21:38.422] [info]  79,83%

[2026-07-29 00:21:38.423] [info]  🎒 BACKEND REPORTED:  79,83%

[2026-07-29 00:21:38.424] [info]  🚧 UPSCAYL_PROGRESS:  79,83%

[2026-07-29 00:21:38.464] [info]  80,67%

[2026-07-29 00:21:38.465] [info]  🎒 BACKEND REPORTED:  80,67%

[2026-07-29 00:21:38.466] [info]  🚧 UPSCAYL_PROGRESS:  80,67%

[2026-07-29 00:21:38.509] [info]  81,51%

[2026-07-29 00:21:38.509] [info]  🎒 BACKEND REPORTED:  81,51%

[2026-07-29 00:21:38.510] [info]  🚧 UPSCAYL_PROGRESS:  81,51%

[2026-07-29 00:21:38.551] [info]  82,35%

[2026-07-29 00:21:38.552] [info]  🎒 BACKEND REPORTED:  82,35%

[2026-07-29 00:21:38.553] [info]  🚧 UPSCAYL_PROGRESS:  82,35%

[2026-07-29 00:21:38.595] [info]  83,19%

[2026-07-29 00:21:38.596] [info]  🎒 BACKEND REPORTED:  83,19%

[2026-07-29 00:21:38.597] [info]  🚧 UPSCAYL_PROGRESS:  83,19%

[2026-07-29 00:21:38.639] [info]  84,03%

[2026-07-29 00:21:38.639] [info]  🎒 BACKEND REPORTED:  84,03%

[2026-07-29 00:21:38.640] [info]  🚧 UPSCAYL_PROGRESS:  84,03%

[2026-07-29 00:21:38.648] [info]  84,87%

[2026-07-29 00:21:38.648] [info]  🎒 BACKEND REPORTED:  84,87%

[2026-07-29 00:21:38.649] [info]  🚧 UPSCAYL_PROGRESS:  84,87%

[2026-07-29 00:21:38.683] [info]  85,71%

[2026-07-29 00:21:38.683] [info]  🎒 BACKEND REPORTED:  85,71%

[2026-07-29 00:21:38.684] [info]  🚧 UPSCAYL_PROGRESS:  85,71%

[2026-07-29 00:21:38.709] [info]  86,55%

[2026-07-29 00:21:38.710] [info]  🎒 BACKEND REPORTED:  86,55%

[2026-07-29 00:21:38.711] [info]  🚧 UPSCAYL_PROGRESS:  86,55%

[2026-07-29 00:21:38.738] [info]  87,39%

[2026-07-29 00:21:38.738] [info]  🎒 BACKEND REPORTED:  87,39%

[2026-07-29 00:21:38.739] [info]  🚧 UPSCAYL_PROGRESS:  87,39%

[2026-07-29 00:21:38.764] [info]  88,24%

[2026-07-29 00:21:38.765] [info]  🎒 BACKEND REPORTED:  88,24%

[2026-07-29 00:21:38.766] [info]  🚧 UPSCAYL_PROGRESS:  88,24%

[2026-07-29 00:21:38.793] [info]  89,08%

[2026-07-29 00:21:38.794] [info]  🎒 BACKEND REPORTED:  89,08%

[2026-07-29 00:21:38.795] [info]  🚧 UPSCAYL_PROGRESS:  89,08%

[2026-07-29 00:21:38.820] [info]  89,92%

[2026-07-29 00:21:38.821] [info]  🎒 BACKEND REPORTED:  89,92%

[2026-07-29 00:21:38.822] [info]  🚧 UPSCAYL_PROGRESS:  89,92%

[2026-07-29 00:21:38.847] [info]  90,76%

[2026-07-29 00:21:38.847] [info]  🎒 BACKEND REPORTED:  90,76%

[2026-07-29 00:21:38.848] [info]  🚧 UPSCAYL_PROGRESS:  90,76%

[2026-07-29 00:21:38.876] [info]  91,60%

[2026-07-29 00:21:38.876] [info]  🎒 BACKEND REPORTED:  91,60%

[2026-07-29 00:21:38.877] [info]  🚧 UPSCAYL_PROGRESS:  91,60%

[2026-07-29 00:21:38.902] [info]  92,44%

[2026-07-29 00:21:38.902] [info]  🎒 BACKEND REPORTED:  92,44%

[2026-07-29 00:21:38.903] [info]  🚧 UPSCAYL_PROGRESS:  92,44%

[2026-07-29 00:21:38.930] [info]  93,28%

[2026-07-29 00:21:38.931] [info]  🎒 BACKEND REPORTED:  93,28%

[2026-07-29 00:21:38.931] [info]  🚧 UPSCAYL_PROGRESS:  93,28%

[2026-07-29 00:21:38.958] [info]  94,12%

[2026-07-29 00:21:38.959] [info]  🎒 BACKEND REPORTED:  94,12%

[2026-07-29 00:21:38.960] [info]  🚧 UPSCAYL_PROGRESS:  94,12%

[2026-07-29 00:21:38.985] [info]  94,96%

[2026-07-29 00:21:38.986] [info]  🎒 BACKEND REPORTED:  94,96%

[2026-07-29 00:21:38.987] [info]  🚧 UPSCAYL_PROGRESS:  94,96%

[2026-07-29 00:21:39.012] [info]  95,80%

[2026-07-29 00:21:39.012] [info]  🎒 BACKEND REPORTED:  95,80%

[2026-07-29 00:21:39.013] [info]  🚧 UPSCAYL_PROGRESS:  95,80%

[2026-07-29 00:21:39.039] [info]  96,64%

[2026-07-29 00:21:39.039] [info]  🎒 BACKEND REPORTED:  96,64%

[2026-07-29 00:21:39.040] [info]  🚧 UPSCAYL_PROGRESS:  96,64%

[2026-07-29 00:21:39.066] [info]  97,48%

[2026-07-29 00:21:39.066] [info]  🎒 BACKEND REPORTED:  97,48%

[2026-07-29 00:21:39.067] [info]  🚧 UPSCAYL_PROGRESS:  97,48%

[2026-07-29 00:21:39.094] [info]  98,32%

[2026-07-29 00:21:39.094] [info]  🎒 BACKEND REPORTED:  98,32%

[2026-07-29 00:21:39.095] [info]  🚧 UPSCAYL_PROGRESS:  98,32%

[2026-07-29 00:21:39.100] [info]  99,16%

[2026-07-29 00:21:39.100] [info]  🎒 BACKEND REPORTED:  99,16%

[2026-07-29 00:21:39.101] [info]  🚧 UPSCAYL_PROGRESS:  99,16%

[2026-07-29 00:21:43.698] [info]  100.00%

🙌 Upscayled Successfully!

[2026-07-29 00:21:43.699] [info]  🎒 BACKEND REPORTED:  100.00%

🙌 Upscayled Successfully!

[2026-07-29 00:21:43.700] [info]  🚧 UPSCAYL_PROGRESS:  100.00%

🙌 Upscayled Successfully!

[2026-07-29 00:21:44.117] [info]  💯 Done upscaling
[2026-07-29 00:21:44.139] [info]  🎒 BACKEND REPORTED:  💯 Done upscaling
[2026-07-29 00:21:44.140] [info]  upscaledImagePath:  /mnt/general/Descargas/Gemini_Generated_Image_kszyf3kszyf3kszy(1)_upscayl_4x_digital-art-4x.png
[2026-07-29 00:21:44.140] [info]  💯 UPSCAYL_DONE:  /mnt/general/Descargas/Gemini_Generated_Image_kszyf3kszyf3kszy(1)_upscayl_4x_digital-art-4x.png
[2026-07-29 12:48:18.371] [info]  🆙 Upscayl version: 2.15.0 FOSS
[2026-07-29 12:48:18.374] [info]  🚀 UPSCAYL EXEC PATH:  /usr/share/upscayl/bin/upscayl-bin
[2026-07-29 12:48:18.375] [info]  🚀 MODELS PATH:  /usr/share/upscayl/models
[2026-07-29 12:48:18.375] [info]  🚃 App Path:  /usr/share/upscayl/app.asar
[2026-07-29 12:48:19.202] [info]  💻 System Info: {"platform":"linux","release":"7.1.4-zen1-1-zen","arch":"x64","model":"AMD Ryzen 5 5600X 6-Core Processor","cpuCount":12,"gpu":{"active":true,"deviceId":9346,"gpuPreference":0,"vendorId":4318}}
[2026-07-29 12:48:22.843] [info]  🔄 Resetting image paths
[2026-07-29 12:48:40.761] [info]  🖼️ Updating Image Path:  /mnt/general/Descargas/Gemini_Generated_Image_tw413ktw413ktw41-removebg-preview.png
[2026-07-29 12:48:40.762] [info]  📄 Selected File Path:  /mnt/general/Descargas/Gemini_Generated_Image_tw413ktw413ktw41-removebg-preview.png
[2026-07-29 12:48:40.762] [info]  🎒 BACKEND REPORTED:  🖼️ Updating Image Path:  /mnt/general/Descargas/Gemini_Generated_Image_tw413ktw413ktw41-removebg-preview.png
[2026-07-29 12:48:40.762] [info]  🖼 Selected Image Path:  /mnt/general/Descargas/Gemini_Generated_Image_tw413ktw413ktw41-removebg-preview.png
[2026-07-29 12:48:40.763] [info]  📁 Selected Image Directory:  /mnt/general/Descargas
[2026-07-29 12:48:40.763] [info]  🖼 imagePath:  /mnt/general/Descargas/Gemini_Generated_Image_tw413ktw413ktw41-removebg-preview.png
[2026-07-29 12:48:40.763] [info]  🔤 Extension:  png
[2026-07-29 12:48:40.769] [info]  🎒 BACKEND REPORTED:  📄 Selected File Path:  /mnt/general/Descargas/Gemini_Generated_Image_tw413ktw413ktw41-removebg-preview.png
[2026-07-29 12:48:53.730] [info]  🔄 Resetting Upscaled Image Path
[2026-07-29 12:48:53.731] [info]  ✅ Upscayl Variables:  {"model":"digital-art-4x","gpuId":null,"saveImageAs":"png","inputDir":"/mnt/general/Descargas","fileNameWithExt":"Gemini_Generated_Image_tw413ktw413ktw41-removebg-preview.png","outputDir":"/mnt/general/Descargas","outFile":"/mnt/general/Descargas/Gemini_Generated_Image_tw413ktw413ktw41-removebg-preview_upscayl_5x_digital-art-4x.png","fileName":"Gemini_Generated_Image_tw413ktw413ktw41-removebg-preview","scale":"5","compression":"0","customWidth":"","useCustomWidth":false,"tileSize":null}
[2026-07-29 12:48:53.732] [info]  📢 Upscayl Command:  [
  '-i',
  '/mnt/general/Descargas/Gemini_Generated_Image_tw413ktw413ktw41-removebg-preview.png',
  '-o',
  '/mnt/general/Descargas/Gemini_Generated_Image_tw413ktw413ktw41-removebg-preview_upscayl_5x_digital-art-4x.png',
  '-s',
  '5',
  '-m',
  '/usr/share/upscayl/models',
  '-n',
  'digital-art-4x',
  '-f',
  'png',
  '-c',
  '0'
]
[2026-07-29 12:48:53.742] [info]  👶 Updating Child Processes:  {"binary":"/usr/share/upscayl/bin/upscayl-bin","args":["/usr/share/upscayl/bin/upscayl-bin","-i","/mnt/general/Descargas/Gemini_Generated_Image_tw413ktw413ktw41-removebg-preview.png","-o","/mnt/general/Descargas/Gemini_Generated_Image_tw413ktw413ktw41-removebg-preview_upscayl_5x_digital-art-4x.png","-s","5","-m","/usr/share/upscayl/models","-n","digital-art-4x","-f","png","-c","0"]}
[2026-07-29 12:48:53.742] [info]  🛑 Updating Stopped:  false
[2026-07-29 12:48:53.743] [info]  🏁 UPSCAYL
[2026-07-29 12:48:53.744] [info]  🎒 BACKEND REPORTED:  ✅ Upscayl Variables:  {"model":"digital-art-4x","gpuId":null,"saveImageAs":"png","inputDir":"/mnt/general/Descargas","fileNameWithExt":"Gemini_Generated_Image_tw413ktw413ktw41-removebg-preview.png","outputDir":"/mnt/general/Descargas","outFile":"/mnt/general/Descargas/Gemini_Generated_Image_tw413ktw413ktw41-removebg-preview_upscayl_5x_digital-art-4x.png","fileName":"Gemini_Generated_Image_tw413ktw413ktw41-removebg-preview","scale":"5","compression":"0","customWidth":"","useCustomWidth":false,"tileSize":null}
[2026-07-29 12:48:53.744] [info]  🎒 BACKEND REPORTED:  📢 Upscayl Command:  -i,/mnt/general/Descargas/Gemini_Generated_Image_tw413ktw413ktw41-removebg-preview.png,-o,/mnt/general/Descargas/Gemini_Generated_Image_tw413ktw413ktw41-removebg-preview_upscayl_5x_digital-art-4x.png,-s,5,-m,/usr/share/upscayl/models,-n,digital-art-4x,-f,png,-c,0
[2026-07-29 12:48:53.744] [info]  🎒 BACKEND REPORTED:  👶 Updating Child Processes:  {"binary":"/usr/share/upscayl/bin/upscayl-bin","args":["/usr/share/upscayl/bin/upscayl-bin","-i","/mnt/general/Descargas/Gemini_Generated_Image_tw413ktw413ktw41-removebg-preview.png","-o","/mnt/general/Descargas/Gemini_Generated_Image_tw413ktw413ktw41-removebg-preview_upscayl_5x_digital-art-4x.png","-s","5","-m","/usr/share/upscayl/models","-n","digital-art-4x","-f","png","-c","0"]}
[2026-07-29 12:48:53.745] [info]  🎒 BACKEND REPORTED:  🛑 Updating Stopped:  false
[2026-07-29 12:48:53.748] [info]  🚀 Starting Upscayl - Copyright © 2024

[2026-07-29 12:48:53.749] [info]  🎒 BACKEND REPORTED:  🚀 Starting Upscayl - Copyright © 2024

[2026-07-29 12:48:53.749] [info]  ✨ Detected scale x4
✨ Using the default scale x4

[2026-07-29 12:48:53.750] [info]  🚧 UPSCAYL_PROGRESS:  🚀 Starting Upscayl - Copyright © 2024

[2026-07-29 12:48:53.750] [info]  🎒 BACKEND REPORTED:  ✨ Detected scale x4
✨ Using the default scale x4

[2026-07-29 12:48:53.751] [info]  🚧 UPSCAYL_PROGRESS:  ✨ Detected scale x4
✨ Using the default scale x4

[2026-07-29 12:48:53.805] [info]  [0 NVIDIA GeForce RTX 3070 Ti]  queueC=2[8]  queueG=0[16]  queueT=1[2]
[0 NVIDIA GeForce RTX 3070 Ti]  bugsbn1=0  bugbilz=0  bugcopc=0  bugihfa=0
[0 NVIDIA GeForce RTX 3070 Ti]  fp16-p/s/a=1/1/1  int8-p/s/a=1/1/1
[0 NVIDIA GeForce RTX 3070 Ti]  subgroup=32  basic=1  vote=1  ballot=1  shuffle=1

[2026-07-29 12:48:53.806] [info]  🎒 BACKEND REPORTED:  [0 NVIDIA GeForce RTX 3070 Ti]  queueC=2[8]  queueG=0[16]  queueT=1[2]
[0 NVIDIA GeForce RTX 3070 Ti]  bugsbn1=0  bugbilz=0  bugcopc=0  bugihfa=0
[0 NVIDIA GeForce RTX 3070 Ti]  fp16-p/s/a=1/1/1  int8-p/s/a=1/1/1
[0 NVIDIA GeForce RTX 3070 Ti]  subgroup=32  basic=1  vote=1  ballot=1  shuffle=1

[2026-07-29 12:48:53.807] [info]  🚧 UPSCAYL_PROGRESS:  [0 NVIDIA GeForce RTX 3070 Ti]  queueC=2[8]  queueG=0[16]  queueT=1[2]
[0 NVIDIA GeForce RTX 3070 Ti]  bugsbn1=0  bugbilz=0  bugcopc=0  bugihfa=0
[0 NVIDIA GeForce RTX 3070 Ti]  fp16-p/s/a=1/1/1  int8-p/s/a=1/1/1
[0 NVIDIA GeForce RTX 3070 Ti]  subgroup=32  basic=1  vote=1  ballot=1  shuffle=1

[2026-07-29 12:48:55.648] [info]  0,00%

[2026-07-29 12:48:55.649] [info]  🎒 BACKEND REPORTED:  0,00%

[2026-07-29 12:48:55.650] [info]  🚧 UPSCAYL_PROGRESS:  0,00%

[2026-07-29 12:48:55.694] [info]  12,50%

[2026-07-29 12:48:55.695] [info]  🎒 BACKEND REPORTED:  12,50%

[2026-07-29 12:48:55.696] [info]  🚧 UPSCAYL_PROGRESS:  12,50%

[2026-07-29 12:48:55.737] [info]  25,00%

[2026-07-29 12:48:55.737] [info]  🎒 BACKEND REPORTED:  25,00%

[2026-07-29 12:48:55.738] [info]  🚧 UPSCAYL_PROGRESS:  25,00%

[2026-07-29 12:48:55.777] [info]  37,50%

[2026-07-29 12:48:55.778] [info]  🎒 BACKEND REPORTED:  37,50%

[2026-07-29 12:48:55.779] [info]  🚧 UPSCAYL_PROGRESS:  37,50%

[2026-07-29 12:48:55.813] [info]  50,00%

[2026-07-29 12:48:55.814] [info]  🎒 BACKEND REPORTED:  50,00%

[2026-07-29 12:48:55.814] [info]  🚧 UPSCAYL_PROGRESS:  50,00%

[2026-07-29 12:48:55.843] [info]  62,50%

[2026-07-29 12:48:55.844] [info]  🎒 BACKEND REPORTED:  62,50%

[2026-07-29 12:48:55.845] [info]  🚧 UPSCAYL_PROGRESS:  62,50%

[2026-07-29 12:48:55.872] [info]  75,00%

[2026-07-29 12:48:55.872] [info]  🎒 BACKEND REPORTED:  75,00%

[2026-07-29 12:48:55.873] [info]  🚧 UPSCAYL_PROGRESS:  75,00%

[2026-07-29 12:48:55.900] [info]  87,50%

[2026-07-29 12:48:55.900] [info]  🎒 BACKEND REPORTED:  87,50%

[2026-07-29 12:48:55.901] [info]  🚧 UPSCAYL_PROGRESS:  87,50%

[2026-07-29 12:48:55.903] [info]  🏞️ Resizing image according to output scale

[2026-07-29 12:48:55.904] [info]  🎒 BACKEND REPORTED:  🏞️ Resizing image according to output scale

[2026-07-29 12:48:55.905] [info]  🚧 UPSCAYL_PROGRESS:  🏞️ Resizing image according to output scale

[2026-07-29 12:48:55.953] [info]  🏞️ Scaled image from 782x319 to 3910x1595

[2026-07-29 12:48:55.954] [info]  🎒 BACKEND REPORTED:  🏞️ Scaled image from 782x319 to 3910x1595

[2026-07-29 12:48:55.954] [info]  🚧 UPSCAYL_PROGRESS:  🏞️ Scaled image from 782x319 to 3910x1595

[2026-07-29 12:48:56.635] [info]  100.00%

🙌 Upscayled Successfully!

[2026-07-29 12:48:56.636] [info]  🎒 BACKEND REPORTED:  100.00%

🙌 Upscayled Successfully!

[2026-07-29 12:48:56.637] [info]  🚧 UPSCAYL_PROGRESS:  100.00%

🙌 Upscayled Successfully!

[2026-07-29 12:48:56.919] [info]  💯 Done upscaling
[2026-07-29 12:48:56.939] [info]  🎒 BACKEND REPORTED:  💯 Done upscaling
[2026-07-29 12:48:56.940] [info]  upscaledImagePath:  /mnt/general/Descargas/Gemini_Generated_Image_tw413ktw413ktw41-removebg-preview_upscayl_5x_digital-art-4x.png
[2026-07-29 12:48:56.940] [info]  💯 UPSCAYL_DONE:  /mnt/general/Descargas/Gemini_Generated_Image_tw413ktw413ktw41-removebg-preview_upscayl_5x_digital-art-4x.png
[2026-07-29 13:20:18.317] [info]  🆙 Upscayl version: 2.15.0 FOSS
[2026-07-29 13:20:18.319] [info]  🚀 UPSCAYL EXEC PATH:  /usr/share/upscayl/bin/upscayl-bin
[2026-07-29 13:20:18.320] [info]  🚀 MODELS PATH:  /usr/share/upscayl/models
[2026-07-29 13:20:18.320] [info]  🚃 App Path:  /usr/share/upscayl/app.asar
[2026-07-29 13:20:19.067] [info]  💻 System Info: {"platform":"linux","release":"7.1.4-zen1-1-zen","arch":"x64","model":"AMD Ryzen 5 5600X 6-Core Processor","cpuCount":12,"gpu":{"active":true,"deviceId":9346,"gpuPreference":0,"vendorId":4318}}
[2026-07-29 13:20:20.216] [info]  🔄 Resetting image paths
[2026-07-29 13:20:38.865] [info]  🖼️ Updating Image Path:  /mnt/general/Descargas/Gemini_Generated_Image_qn4vx7qn4vx7qn4v(1).png
[2026-07-29 13:20:38.866] [info]  📄 Selected File Path:  /mnt/general/Descargas/Gemini_Generated_Image_qn4vx7qn4vx7qn4v(1).png
[2026-07-29 13:20:38.867] [info]  🎒 BACKEND REPORTED:  🖼️ Updating Image Path:  /mnt/general/Descargas/Gemini_Generated_Image_qn4vx7qn4vx7qn4v(1).png
[2026-07-29 13:20:38.867] [info]  🖼 Selected Image Path:  /mnt/general/Descargas/Gemini_Generated_Image_qn4vx7qn4vx7qn4v(1).png
[2026-07-29 13:20:38.867] [info]  📁 Selected Image Directory:  /mnt/general/Descargas
[2026-07-29 13:20:38.867] [info]  🖼 imagePath:  /mnt/general/Descargas/Gemini_Generated_Image_qn4vx7qn4vx7qn4v(1).png
[2026-07-29 13:20:38.868] [info]  🔤 Extension:  png
[2026-07-29 13:20:38.875] [info]  🎒 BACKEND REPORTED:  📄 Selected File Path:  /mnt/general/Descargas/Gemini_Generated_Image_qn4vx7qn4vx7qn4v(1).png
[2026-07-29 13:20:45.737] [info]  🔄 Resetting Upscaled Image Path
[2026-07-29 13:20:45.738] [info]  ✅ Upscayl Variables:  {"model":"digital-art-4x","gpuId":null,"saveImageAs":"png","inputDir":"/mnt/general/Descargas","fileNameWithExt":"Gemini_Generated_Image_qn4vx7qn4vx7qn4v(1).png","outputDir":"/mnt/general/Descargas","outFile":"/mnt/general/Descargas/Gemini_Generated_Image_qn4vx7qn4vx7qn4v(1)_upscayl_5x_digital-art-4x.png","fileName":"Gemini_Generated_Image_qn4vx7qn4vx7qn4v(1)","scale":"5","compression":"0","customWidth":"","useCustomWidth":false,"tileSize":null}
[2026-07-29 13:20:45.739] [info]  📢 Upscayl Command:  [
  '-i',
  '/mnt/general/Descargas/Gemini_Generated_Image_qn4vx7qn4vx7qn4v(1).png',
  '-o',
  '/mnt/general/Descargas/Gemini_Generated_Image_qn4vx7qn4vx7qn4v(1)_upscayl_5x_digital-art-4x.png',
  '-s',
  '5',
  '-m',
  '/usr/share/upscayl/models',
  '-n',
  'digital-art-4x',
  '-f',
  'png',
  '-c',
  '0'
]
[2026-07-29 13:20:45.747] [info]  👶 Updating Child Processes:  {"binary":"/usr/share/upscayl/bin/upscayl-bin","args":["/usr/share/upscayl/bin/upscayl-bin","-i","/mnt/general/Descargas/Gemini_Generated_Image_qn4vx7qn4vx7qn4v(1).png","-o","/mnt/general/Descargas/Gemini_Generated_Image_qn4vx7qn4vx7qn4v(1)_upscayl_5x_digital-art-4x.png","-s","5","-m","/usr/share/upscayl/models","-n","digital-art-4x","-f","png","-c","0"]}
[2026-07-29 13:20:45.747] [info]  🛑 Updating Stopped:  false
[2026-07-29 13:20:45.748] [info]  🚀 Starting Upscayl - Copyright © 2024
✨ Detected scale x4
✨ Using the default scale x4

[2026-07-29 13:20:45.748] [info]  🏁 UPSCAYL
[2026-07-29 13:20:45.749] [info]  🎒 BACKEND REPORTED:  ✅ Upscayl Variables:  {"model":"digital-art-4x","gpuId":null,"saveImageAs":"png","inputDir":"/mnt/general/Descargas","fileNameWithExt":"Gemini_Generated_Image_qn4vx7qn4vx7qn4v(1).png","outputDir":"/mnt/general/Descargas","outFile":"/mnt/general/Descargas/Gemini_Generated_Image_qn4vx7qn4vx7qn4v(1)_upscayl_5x_digital-art-4x.png","fileName":"Gemini_Generated_Image_qn4vx7qn4vx7qn4v(1)","scale":"5","compression":"0","customWidth":"","useCustomWidth":false,"tileSize":null}
[2026-07-29 13:20:45.749] [info]  🎒 BACKEND REPORTED:  📢 Upscayl Command:  -i,/mnt/general/Descargas/Gemini_Generated_Image_qn4vx7qn4vx7qn4v(1).png,-o,/mnt/general/Descargas/Gemini_Generated_Image_qn4vx7qn4vx7qn4v(1)_upscayl_5x_digital-art-4x.png,-s,5,-m,/usr/share/upscayl/models,-n,digital-art-4x,-f,png,-c,0
[2026-07-29 13:20:45.749] [info]  🎒 BACKEND REPORTED:  👶 Updating Child Processes:  {"binary":"/usr/share/upscayl/bin/upscayl-bin","args":["/usr/share/upscayl/bin/upscayl-bin","-i","/mnt/general/Descargas/Gemini_Generated_Image_qn4vx7qn4vx7qn4v(1).png","-o","/mnt/general/Descargas/Gemini_Generated_Image_qn4vx7qn4vx7qn4v(1)_upscayl_5x_digital-art-4x.png","-s","5","-m","/usr/share/upscayl/models","-n","digital-art-4x","-f","png","-c","0"]}
[2026-07-29 13:20:45.749] [info]  🎒 BACKEND REPORTED:  🛑 Updating Stopped:  false
[2026-07-29 13:20:45.750] [info]  🎒 BACKEND REPORTED:  🚀 Starting Upscayl - Copyright © 2024
✨ Detected scale x4
✨ Using the default scale x4

[2026-07-29 13:20:45.751] [info]  🚧 UPSCAYL_PROGRESS:  🚀 Starting Upscayl - Copyright © 2024
✨ Detected scale x4
✨ Using the default scale x4

[2026-07-29 13:20:45.811] [info]  [0 NVIDIA GeForce RTX 3070 Ti]  queueC=2[8]  queueG=0[16]  queueT=1[2]
[0 NVIDIA GeForce RTX 3070 Ti]  bugsbn1=0  bugbilz=0  bugcopc=0  bugihfa=0
[0 NVIDIA GeForce RTX 3070 Ti]  fp16-p/s/a=1/1/1  int8-p/s/a=1/1/1
[0 NVIDIA GeForce RTX 3070 Ti]  subgroup=32  basic=1  vote=1  ballot=1  shuffle=1

[2026-07-29 13:20:45.812] [info]  🎒 BACKEND REPORTED:  [0 NVIDIA GeForce RTX 3070 Ti]  queueC=2[8]  queueG=0[16]  queueT=1[2]
[0 NVIDIA GeForce RTX 3070 Ti]  bugsbn1=0  bugbilz=0  bugcopc=0  bugihfa=0
[0 NVIDIA GeForce RTX 3070 Ti]  fp16-p/s/a=1/1/1  int8-p/s/a=1/1/1
[0 NVIDIA GeForce RTX 3070 Ti]  subgroup=32  basic=1  vote=1  ballot=1  shuffle=1

[2026-07-29 13:20:45.812] [info]  🚧 UPSCAYL_PROGRESS:  [0 NVIDIA GeForce RTX 3070 Ti]  queueC=2[8]  queueG=0[16]  queueT=1[2]
[0 NVIDIA GeForce RTX 3070 Ti]  bugsbn1=0  bugbilz=0  bugcopc=0  bugihfa=0
[0 NVIDIA GeForce RTX 3070 Ti]  fp16-p/s/a=1/1/1  int8-p/s/a=1/1/1
[0 NVIDIA GeForce RTX 3070 Ti]  subgroup=32  basic=1  vote=1  ballot=1  shuffle=1

[2026-07-29 13:20:47.460] [info]  0,00%

[2026-07-29 13:20:47.461] [info]  🎒 BACKEND REPORTED:  0,00%

[2026-07-29 13:20:47.462] [info]  🚧 UPSCAYL_PROGRESS:  0,00%

[2026-07-29 13:20:47.503] [info]  0,84%

[2026-07-29 13:20:47.504] [info]  🎒 BACKEND REPORTED:  0,84%

[2026-07-29 13:20:47.505] [info]  🚧 UPSCAYL_PROGRESS:  0,84%

[2026-07-29 13:20:47.546] [info]  1,68%

[2026-07-29 13:20:47.547] [info]  🎒 BACKEND REPORTED:  1,68%

[2026-07-29 13:20:47.548] [info]  🚧 UPSCAYL_PROGRESS:  1,68%

[2026-07-29 13:20:47.588] [info]  2,52%

[2026-07-29 13:20:47.589] [info]  🎒 BACKEND REPORTED:  2,52%

[2026-07-29 13:20:47.590] [info]  🚧 UPSCAYL_PROGRESS:  2,52%

[2026-07-29 13:20:47.632] [info]  3,36%

[2026-07-29 13:20:47.632] [info]  🎒 BACKEND REPORTED:  3,36%

[2026-07-29 13:20:47.633] [info]  🚧 UPSCAYL_PROGRESS:  3,36%

[2026-07-29 13:20:47.676] [info]  4,20%

[2026-07-29 13:20:47.676] [info]  🎒 BACKEND REPORTED:  4,20%

[2026-07-29 13:20:47.677] [info]  🚧 UPSCAYL_PROGRESS:  4,20%

[2026-07-29 13:20:47.718] [info]  5,04%

[2026-07-29 13:20:47.719] [info]  🎒 BACKEND REPORTED:  5,04%

[2026-07-29 13:20:47.720] [info]  🚧 UPSCAYL_PROGRESS:  5,04%

[2026-07-29 13:20:47.759] [info]  5,88%

[2026-07-29 13:20:47.760] [info]  🎒 BACKEND REPORTED:  5,88%

[2026-07-29 13:20:47.761] [info]  🚧 UPSCAYL_PROGRESS:  5,88%

[2026-07-29 13:20:47.804] [info]  6,72%

[2026-07-29 13:20:47.805] [info]  🎒 BACKEND REPORTED:  6,72%

[2026-07-29 13:20:47.806] [info]  🚧 UPSCAYL_PROGRESS:  6,72%

[2026-07-29 13:20:47.847] [info]  7,56%

[2026-07-29 13:20:47.848] [info]  🎒 BACKEND REPORTED:  7,56%

[2026-07-29 13:20:47.849] [info]  🚧 UPSCAYL_PROGRESS:  7,56%

[2026-07-29 13:20:47.890] [info]  8,40%

[2026-07-29 13:20:47.891] [info]  🎒 BACKEND REPORTED:  8,40%

[2026-07-29 13:20:47.892] [info]  🚧 UPSCAYL_PROGRESS:  8,40%

[2026-07-29 13:20:47.933] [info]  9,24%

[2026-07-29 13:20:47.934] [info]  🎒 BACKEND REPORTED:  9,24%

[2026-07-29 13:20:47.935] [info]  🚧 UPSCAYL_PROGRESS:  9,24%

[2026-07-29 13:20:47.976] [info]  10,08%

[2026-07-29 13:20:47.977] [info]  🎒 BACKEND REPORTED:  10,08%

[2026-07-29 13:20:47.978] [info]  🚧 UPSCAYL_PROGRESS:  10,08%

[2026-07-29 13:20:48.018] [info]  10,92%

[2026-07-29 13:20:48.019] [info]  🎒 BACKEND REPORTED:  10,92%

[2026-07-29 13:20:48.020] [info]  🚧 UPSCAYL_PROGRESS:  10,92%

[2026-07-29 13:20:48.059] [info]  11,76%

[2026-07-29 13:20:48.060] [info]  🎒 BACKEND REPORTED:  11,76%

[2026-07-29 13:20:48.061] [info]  🚧 UPSCAYL_PROGRESS:  11,76%

[2026-07-29 13:20:48.104] [info]  12,61%

[2026-07-29 13:20:48.105] [info]  🎒 BACKEND REPORTED:  12,61%

[2026-07-29 13:20:48.105] [info]  🚧 UPSCAYL_PROGRESS:  12,61%

[2026-07-29 13:20:48.113] [info]  13,45%

[2026-07-29 13:20:48.113] [info]  🎒 BACKEND REPORTED:  13,45%

[2026-07-29 13:20:48.114] [info]  🚧 UPSCAYL_PROGRESS:  13,45%

[2026-07-29 13:20:48.177] [info]  14,29%

[2026-07-29 13:20:48.178] [info]  🎒 BACKEND REPORTED:  14,29%

[2026-07-29 13:20:48.178] [info]  🚧 UPSCAYL_PROGRESS:  14,29%

[2026-07-29 13:20:48.219] [info]  15,13%

[2026-07-29 13:20:48.220] [info]  🎒 BACKEND REPORTED:  15,13%

[2026-07-29 13:20:48.221] [info]  🚧 UPSCAYL_PROGRESS:  15,13%

[2026-07-29 13:20:48.261] [info]  15,97%

[2026-07-29 13:20:48.261] [info]  🎒 BACKEND REPORTED:  15,97%

[2026-07-29 13:20:48.263] [info]  🚧 UPSCAYL_PROGRESS:  15,97%

[2026-07-29 13:20:48.304] [info]  16,81%

[2026-07-29 13:20:48.305] [info]  🎒 BACKEND REPORTED:  16,81%

[2026-07-29 13:20:48.306] [info]  🚧 UPSCAYL_PROGRESS:  16,81%

[2026-07-29 13:20:48.347] [info]  17,65%

[2026-07-29 13:20:48.348] [info]  🎒 BACKEND REPORTED:  17,65%

[2026-07-29 13:20:48.349] [info]  🚧 UPSCAYL_PROGRESS:  17,65%

[2026-07-29 13:20:48.391] [info]  18,49%

[2026-07-29 13:20:48.392] [info]  🎒 BACKEND REPORTED:  18,49%

[2026-07-29 13:20:48.392] [info]  🚧 UPSCAYL_PROGRESS:  18,49%

[2026-07-29 13:20:48.434] [info]  19,33%

[2026-07-29 13:20:48.435] [info]  🎒 BACKEND REPORTED:  19,33%

[2026-07-29 13:20:48.436] [info]  🚧 UPSCAYL_PROGRESS:  19,33%

[2026-07-29 13:20:48.478] [info]  20,17%

[2026-07-29 13:20:48.479] [info]  🎒 BACKEND REPORTED:  20,17%

[2026-07-29 13:20:48.480] [info]  🚧 UPSCAYL_PROGRESS:  20,17%

[2026-07-29 13:20:48.521] [info]  21,01%

[2026-07-29 13:20:48.521] [info]  🎒 BACKEND REPORTED:  21,01%

[2026-07-29 13:20:48.522] [info]  🚧 UPSCAYL_PROGRESS:  21,01%

[2026-07-29 13:20:48.563] [info]  21,85%

[2026-07-29 13:20:48.564] [info]  🎒 BACKEND REPORTED:  21,85%

[2026-07-29 13:20:48.565] [info]  🚧 UPSCAYL_PROGRESS:  21,85%

[2026-07-29 13:20:48.606] [info]  22,69%

[2026-07-29 13:20:48.607] [info]  🎒 BACKEND REPORTED:  22,69%

[2026-07-29 13:20:48.608] [info]  🚧 UPSCAYL_PROGRESS:  22,69%

[2026-07-29 13:20:48.649] [info]  23,53%

[2026-07-29 13:20:48.650] [info]  🎒 BACKEND REPORTED:  23,53%

[2026-07-29 13:20:48.651] [info]  🚧 UPSCAYL_PROGRESS:  23,53%

[2026-07-29 13:20:48.692] [info]  24,37%

[2026-07-29 13:20:48.693] [info]  🎒 BACKEND REPORTED:  24,37%

[2026-07-29 13:20:48.694] [info]  🚧 UPSCAYL_PROGRESS:  24,37%

[2026-07-29 13:20:48.736] [info]  25,21%

[2026-07-29 13:20:48.736] [info]  🎒 BACKEND REPORTED:  25,21%

[2026-07-29 13:20:48.737] [info]  🚧 UPSCAYL_PROGRESS:  25,21%

[2026-07-29 13:20:48.778] [info]  26,05%

[2026-07-29 13:20:48.779] [info]  🎒 BACKEND REPORTED:  26,05%

[2026-07-29 13:20:48.780] [info]  🚧 UPSCAYL_PROGRESS:  26,05%

[2026-07-29 13:20:48.822] [info]  26,89%

[2026-07-29 13:20:48.822] [info]  🎒 BACKEND REPORTED:  26,89%

[2026-07-29 13:20:48.823] [info]  🚧 UPSCAYL_PROGRESS:  26,89%

[2026-07-29 13:20:48.832] [info]  27,73%

[2026-07-29 13:20:48.833] [info]  🎒 BACKEND REPORTED:  27,73%

[2026-07-29 13:20:48.833] [info]  🚧 UPSCAYL_PROGRESS:  27,73%

[2026-07-29 13:20:48.883] [info]  28,57%

[2026-07-29 13:20:48.884] [info]  🎒 BACKEND REPORTED:  28,57%

[2026-07-29 13:20:48.885] [info]  🚧 UPSCAYL_PROGRESS:  28,57%

[2026-07-29 13:20:48.926] [info]  29,41%

[2026-07-29 13:20:48.926] [info]  🎒 BACKEND REPORTED:  29,41%

[2026-07-29 13:20:48.927] [info]  🚧 UPSCAYL_PROGRESS:  29,41%

[2026-07-29 13:20:48.969] [info]  30,25%

[2026-07-29 13:20:48.970] [info]  🎒 BACKEND REPORTED:  30,25%

[2026-07-29 13:20:48.971] [info]  🚧 UPSCAYL_PROGRESS:  30,25%

[2026-07-29 13:20:49.012] [info]  31,09%

[2026-07-29 13:20:49.013] [info]  🎒 BACKEND REPORTED:  31,09%

[2026-07-29 13:20:49.013] [info]  🚧 UPSCAYL_PROGRESS:  31,09%

[2026-07-29 13:20:49.055] [info]  31,93%

[2026-07-29 13:20:49.055] [info]  🎒 BACKEND REPORTED:  31,93%

[2026-07-29 13:20:49.056] [info]  🚧 UPSCAYL_PROGRESS:  31,93%

[2026-07-29 13:20:49.099] [info]  32,77%

[2026-07-29 13:20:49.099] [info]  🎒 BACKEND REPORTED:  32,77%

[2026-07-29 13:20:49.100] [info]  🚧 UPSCAYL_PROGRESS:  32,77%

[2026-07-29 13:20:49.141] [info]  33,61%

[2026-07-29 13:20:49.142] [info]  🎒 BACKEND REPORTED:  33,61%

[2026-07-29 13:20:49.143] [info]  🚧 UPSCAYL_PROGRESS:  33,61%

[2026-07-29 13:20:49.184] [info]  34,45%

[2026-07-29 13:20:49.185] [info]  🎒 BACKEND REPORTED:  34,45%

[2026-07-29 13:20:49.186] [info]  🚧 UPSCAYL_PROGRESS:  34,45%

[2026-07-29 13:20:49.227] [info]  35,29%

[2026-07-29 13:20:49.228] [info]  🎒 BACKEND REPORTED:  35,29%

[2026-07-29 13:20:49.229] [info]  🚧 UPSCAYL_PROGRESS:  35,29%

[2026-07-29 13:20:49.270] [info]  36,13%

[2026-07-29 13:20:49.271] [info]  🎒 BACKEND REPORTED:  36,13%

[2026-07-29 13:20:49.272] [info]  🚧 UPSCAYL_PROGRESS:  36,13%

[2026-07-29 13:20:49.315] [info]  36,97%

[2026-07-29 13:20:49.316] [info]  🎒 BACKEND REPORTED:  36,97%

[2026-07-29 13:20:49.316] [info]  🚧 UPSCAYL_PROGRESS:  36,97%

[2026-07-29 13:20:49.357] [info]  37,82%

[2026-07-29 13:20:49.358] [info]  🎒 BACKEND REPORTED:  37,82%

[2026-07-29 13:20:49.359] [info]  🚧 UPSCAYL_PROGRESS:  37,82%

[2026-07-29 13:20:49.401] [info]  38,66%

[2026-07-29 13:20:49.402] [info]  🎒 BACKEND REPORTED:  38,66%

[2026-07-29 13:20:49.403] [info]  🚧 UPSCAYL_PROGRESS:  38,66%

[2026-07-29 13:20:49.443] [info]  39,50%

[2026-07-29 13:20:49.444] [info]  🎒 BACKEND REPORTED:  39,50%

[2026-07-29 13:20:49.445] [info]  🚧 UPSCAYL_PROGRESS:  39,50%

[2026-07-29 13:20:49.487] [info]  40,34%

[2026-07-29 13:20:49.487] [info]  🎒 BACKEND REPORTED:  40,34%

[2026-07-29 13:20:49.488] [info]  🚧 UPSCAYL_PROGRESS:  40,34%

[2026-07-29 13:20:49.528] [info]  41,18%

[2026-07-29 13:20:49.529] [info]  🎒 BACKEND REPORTED:  41,18%

[2026-07-29 13:20:49.530] [info]  🚧 UPSCAYL_PROGRESS:  41,18%

[2026-07-29 13:20:49.539] [info]  42,02%

[2026-07-29 13:20:49.540] [info]  🎒 BACKEND REPORTED:  42,02%

[2026-07-29 13:20:49.542] [info]  🚧 UPSCAYL_PROGRESS:  42,02%

[2026-07-29 13:20:49.593] [info]  42,86%

[2026-07-29 13:20:49.593] [info]  🎒 BACKEND REPORTED:  42,86%

[2026-07-29 13:20:49.594] [info]  🚧 UPSCAYL_PROGRESS:  42,86%

[2026-07-29 13:20:49.636] [info]  43,70%

[2026-07-29 13:20:49.637] [info]  🎒 BACKEND REPORTED:  43,70%

[2026-07-29 13:20:49.638] [info]  🚧 UPSCAYL_PROGRESS:  43,70%

[2026-07-29 13:20:49.679] [info]  44,54%

[2026-07-29 13:20:49.680] [info]  🎒 BACKEND REPORTED:  44,54%

[2026-07-29 13:20:49.681] [info]  🚧 UPSCAYL_PROGRESS:  44,54%

[2026-07-29 13:20:49.722] [info]  45,38%

[2026-07-29 13:20:49.722] [info]  🎒 BACKEND REPORTED:  45,38%

[2026-07-29 13:20:49.724] [info]  🚧 UPSCAYL_PROGRESS:  45,38%

[2026-07-29 13:20:49.766] [info]  46,22%

[2026-07-29 13:20:49.767] [info]  🎒 BACKEND REPORTED:  46,22%

[2026-07-29 13:20:49.768] [info]  🚧 UPSCAYL_PROGRESS:  46,22%

[2026-07-29 13:20:49.810] [info]  47,06%

[2026-07-29 13:20:49.810] [info]  🎒 BACKEND REPORTED:  47,06%

[2026-07-29 13:20:49.811] [info]  🚧 UPSCAYL_PROGRESS:  47,06%

[2026-07-29 13:20:49.852] [info]  47,90%

[2026-07-29 13:20:49.853] [info]  🎒 BACKEND REPORTED:  47,90%

[2026-07-29 13:20:49.854] [info]  🚧 UPSCAYL_PROGRESS:  47,90%

[2026-07-29 13:20:49.894] [info]  48,74%

[2026-07-29 13:20:49.895] [info]  🎒 BACKEND REPORTED:  48,74%

[2026-07-29 13:20:49.896] [info]  🚧 UPSCAYL_PROGRESS:  48,74%

[2026-07-29 13:20:49.938] [info]  49,58%

[2026-07-29 13:20:49.939] [info]  🎒 BACKEND REPORTED:  49,58%

[2026-07-29 13:20:49.940] [info]  🚧 UPSCAYL_PROGRESS:  49,58%

[2026-07-29 13:20:49.982] [info]  50,42%

[2026-07-29 13:20:49.983] [info]  🎒 BACKEND REPORTED:  50,42%

[2026-07-29 13:20:49.983] [info]  🚧 UPSCAYL_PROGRESS:  50,42%

[2026-07-29 13:20:50.025] [info]  51,26%

[2026-07-29 13:20:50.026] [info]  🎒 BACKEND REPORTED:  51,26%

[2026-07-29 13:20:50.026] [info]  🚧 UPSCAYL_PROGRESS:  51,26%

[2026-07-29 13:20:50.069] [info]  52,10%

[2026-07-29 13:20:50.069] [info]  🎒 BACKEND REPORTED:  52,10%

[2026-07-29 13:20:50.071] [info]  🚧 UPSCAYL_PROGRESS:  52,10%

[2026-07-29 13:20:50.111] [info]  52,94%

[2026-07-29 13:20:50.112] [info]  🎒 BACKEND REPORTED:  52,94%

[2026-07-29 13:20:50.113] [info]  🚧 UPSCAYL_PROGRESS:  52,94%

[2026-07-29 13:20:50.153] [info]  53,78%

[2026-07-29 13:20:50.154] [info]  🎒 BACKEND REPORTED:  53,78%

[2026-07-29 13:20:50.155] [info]  🚧 UPSCAYL_PROGRESS:  53,78%

[2026-07-29 13:20:50.195] [info]  54,62%

[2026-07-29 13:20:50.196] [info]  🎒 BACKEND REPORTED:  54,62%

[2026-07-29 13:20:50.197] [info]  🚧 UPSCAYL_PROGRESS:  54,62%

[2026-07-29 13:20:50.239] [info]  55,46%

[2026-07-29 13:20:50.240] [info]  🎒 BACKEND REPORTED:  55,46%

[2026-07-29 13:20:50.241] [info]  🚧 UPSCAYL_PROGRESS:  55,46%

[2026-07-29 13:20:50.248] [info]  56,30%

[2026-07-29 13:20:50.249] [info]  🎒 BACKEND REPORTED:  56,30%

[2026-07-29 13:20:50.250] [info]  🚧 UPSCAYL_PROGRESS:  56,30%

[2026-07-29 13:20:50.299] [info]  57,14%

[2026-07-29 13:20:50.299] [info]  🎒 BACKEND REPORTED:  57,14%

[2026-07-29 13:20:50.301] [info]  🚧 UPSCAYL_PROGRESS:  57,14%

[2026-07-29 13:20:50.341] [info]  57,98%

[2026-07-29 13:20:50.342] [info]  🎒 BACKEND REPORTED:  57,98%

[2026-07-29 13:20:50.343] [info]  🚧 UPSCAYL_PROGRESS:  57,98%

[2026-07-29 13:20:50.384] [info]  58,82%

[2026-07-29 13:20:50.385] [info]  🎒 BACKEND REPORTED:  58,82%

[2026-07-29 13:20:50.386] [info]  🚧 UPSCAYL_PROGRESS:  58,82%

[2026-07-29 13:20:50.427] [info]  59,66%

[2026-07-29 13:20:50.428] [info]  🎒 BACKEND REPORTED:  59,66%

[2026-07-29 13:20:50.429] [info]  🚧 UPSCAYL_PROGRESS:  59,66%

[2026-07-29 13:20:50.470] [info]  60,50%

[2026-07-29 13:20:50.470] [info]  🎒 BACKEND REPORTED:  60,50%

[2026-07-29 13:20:50.471] [info]  🚧 UPSCAYL_PROGRESS:  60,50%

[2026-07-29 13:20:50.512] [info]  61,34%

[2026-07-29 13:20:50.513] [info]  🎒 BACKEND REPORTED:  61,34%

[2026-07-29 13:20:50.514] [info]  🚧 UPSCAYL_PROGRESS:  61,34%

[2026-07-29 13:20:50.554] [info]  62,18%

[2026-07-29 13:20:50.555] [info]  🎒 BACKEND REPORTED:  62,18%

[2026-07-29 13:20:50.556] [info]  🚧 UPSCAYL_PROGRESS:  62,18%

[2026-07-29 13:20:50.596] [info]  63,03%

[2026-07-29 13:20:50.597] [info]  🎒 BACKEND REPORTED:  63,03%

[2026-07-29 13:20:50.599] [info]  🚧 UPSCAYL_PROGRESS:  63,03%

[2026-07-29 13:20:50.639] [info]  63,87%

[2026-07-29 13:20:50.640] [info]  🎒 BACKEND REPORTED:  63,87%

[2026-07-29 13:20:50.641] [info]  🚧 UPSCAYL_PROGRESS:  63,87%

[2026-07-29 13:20:50.682] [info]  64,71%

[2026-07-29 13:20:50.682] [info]  🎒 BACKEND REPORTED:  64,71%

[2026-07-29 13:20:50.683] [info]  🚧 UPSCAYL_PROGRESS:  64,71%

[2026-07-29 13:20:50.724] [info]  65,55%

[2026-07-29 13:20:50.724] [info]  🎒 BACKEND REPORTED:  65,55%

[2026-07-29 13:20:50.725] [info]  🚧 UPSCAYL_PROGRESS:  65,55%

[2026-07-29 13:20:50.767] [info]  66,39%

[2026-07-29 13:20:50.768] [info]  🎒 BACKEND REPORTED:  66,39%

[2026-07-29 13:20:50.769] [info]  🚧 UPSCAYL_PROGRESS:  66,39%

[2026-07-29 13:20:50.811] [info]  67,23%

[2026-07-29 13:20:50.811] [info]  🎒 BACKEND REPORTED:  67,23%

[2026-07-29 13:20:50.812] [info]  🚧 UPSCAYL_PROGRESS:  67,23%

[2026-07-29 13:20:50.854] [info]  68,07%

[2026-07-29 13:20:50.854] [info]  🎒 BACKEND REPORTED:  68,07%

[2026-07-29 13:20:50.855] [info]  🚧 UPSCAYL_PROGRESS:  68,07%

[2026-07-29 13:20:50.896] [info]  68,91%

[2026-07-29 13:20:50.896] [info]  🎒 BACKEND REPORTED:  68,91%

[2026-07-29 13:20:50.898] [info]  🚧 UPSCAYL_PROGRESS:  68,91%

[2026-07-29 13:20:50.939] [info]  69,75%

[2026-07-29 13:20:50.940] [info]  🎒 BACKEND REPORTED:  69,75%

[2026-07-29 13:20:50.941] [info]  🚧 UPSCAYL_PROGRESS:  69,75%

[2026-07-29 13:20:50.950] [info]  70,59%

[2026-07-29 13:20:50.950] [info]  🎒 BACKEND REPORTED:  70,59%

[2026-07-29 13:20:50.951] [info]  🚧 UPSCAYL_PROGRESS:  70,59%

[2026-07-29 13:20:51.008] [info]  71,43%

[2026-07-29 13:20:51.009] [info]  🎒 BACKEND REPORTED:  71,43%

[2026-07-29 13:20:51.010] [info]  🚧 UPSCAYL_PROGRESS:  71,43%

[2026-07-29 13:20:51.050] [info]  72,27%

[2026-07-29 13:20:51.051] [info]  🎒 BACKEND REPORTED:  72,27%

[2026-07-29 13:20:51.052] [info]  🚧 UPSCAYL_PROGRESS:  72,27%

[2026-07-29 13:20:51.092] [info]  73,11%

[2026-07-29 13:20:51.093] [info]  🎒 BACKEND REPORTED:  73,11%

[2026-07-29 13:20:51.094] [info]  🚧 UPSCAYL_PROGRESS:  73,11%

[2026-07-29 13:20:51.137] [info]  73,95%

[2026-07-29 13:20:51.138] [info]  🎒 BACKEND REPORTED:  73,95%

[2026-07-29 13:20:51.139] [info]  🚧 UPSCAYL_PROGRESS:  73,95%

[2026-07-29 13:20:51.181] [info]  74,79%

[2026-07-29 13:20:51.182] [info]  🎒 BACKEND REPORTED:  74,79%

[2026-07-29 13:20:51.183] [info]  🚧 UPSCAYL_PROGRESS:  74,79%

[2026-07-29 13:20:51.224] [info]  75,63%

[2026-07-29 13:20:51.225] [info]  🎒 BACKEND REPORTED:  75,63%

[2026-07-29 13:20:51.226] [info]  🚧 UPSCAYL_PROGRESS:  75,63%

[2026-07-29 13:20:51.268] [info]  76,47%

[2026-07-29 13:20:51.269] [info]  🎒 BACKEND REPORTED:  76,47%

[2026-07-29 13:20:51.270] [info]  🚧 UPSCAYL_PROGRESS:  76,47%

[2026-07-29 13:20:51.311] [info]  77,31%

[2026-07-29 13:20:51.312] [info]  🎒 BACKEND REPORTED:  77,31%

[2026-07-29 13:20:51.312] [info]  🚧 UPSCAYL_PROGRESS:  77,31%

[2026-07-29 13:20:51.354] [info]  78,15%

[2026-07-29 13:20:51.355] [info]  🎒 BACKEND REPORTED:  78,15%

[2026-07-29 13:20:51.356] [info]  🚧 UPSCAYL_PROGRESS:  78,15%

[2026-07-29 13:20:51.396] [info]  78,99%

[2026-07-29 13:20:51.397] [info]  🎒 BACKEND REPORTED:  78,99%

[2026-07-29 13:20:51.399] [info]  🚧 UPSCAYL_PROGRESS:  78,99%

[2026-07-29 13:20:51.439] [info]  79,83%

[2026-07-29 13:20:51.440] [info]  🎒 BACKEND REPORTED:  79,83%

[2026-07-29 13:20:51.441] [info]  🚧 UPSCAYL_PROGRESS:  79,83%

[2026-07-29 13:20:51.482] [info]  80,67%

[2026-07-29 13:20:51.483] [info]  🎒 BACKEND REPORTED:  80,67%

[2026-07-29 13:20:51.484] [info]  🚧 UPSCAYL_PROGRESS:  80,67%

[2026-07-29 13:20:51.524] [info]  81,51%

[2026-07-29 13:20:51.525] [info]  🎒 BACKEND REPORTED:  81,51%

[2026-07-29 13:20:51.526] [info]  🚧 UPSCAYL_PROGRESS:  81,51%

[2026-07-29 13:20:51.567] [info]  82,35%

[2026-07-29 13:20:51.568] [info]  🎒 BACKEND REPORTED:  82,35%

[2026-07-29 13:20:51.569] [info]  🚧 UPSCAYL_PROGRESS:  82,35%

[2026-07-29 13:20:51.610] [info]  83,19%

[2026-07-29 13:20:51.611] [info]  🎒 BACKEND REPORTED:  83,19%

[2026-07-29 13:20:51.612] [info]  🚧 UPSCAYL_PROGRESS:  83,19%

[2026-07-29 13:20:51.655] [info]  84,03%

[2026-07-29 13:20:51.656] [info]  🎒 BACKEND REPORTED:  84,03%

[2026-07-29 13:20:51.656] [info]  🚧 UPSCAYL_PROGRESS:  84,03%

[2026-07-29 13:20:51.666] [info]  84,87%

[2026-07-29 13:20:51.666] [info]  🎒 BACKEND REPORTED:  84,87%

[2026-07-29 13:20:51.667] [info]  🚧 UPSCAYL_PROGRESS:  84,87%

[2026-07-29 13:20:51.700] [info]  85,71%

[2026-07-29 13:20:51.701] [info]  🎒 BACKEND REPORTED:  85,71%

[2026-07-29 13:20:51.702] [info]  🚧 UPSCAYL_PROGRESS:  85,71%

[2026-07-29 13:20:51.727] [info]  86,55%

[2026-07-29 13:20:51.728] [info]  🎒 BACKEND REPORTED:  86,55%

[2026-07-29 13:20:51.729] [info]  🚧 UPSCAYL_PROGRESS:  86,55%

[2026-07-29 13:20:51.754] [info]  87,39%

[2026-07-29 13:20:51.755] [info]  🎒 BACKEND REPORTED:  87,39%

[2026-07-29 13:20:51.756] [info]  🚧 UPSCAYL_PROGRESS:  87,39%

[2026-07-29 13:20:51.782] [info]  88,24%

[2026-07-29 13:20:51.783] [info]  🎒 BACKEND REPORTED:  88,24%

[2026-07-29 13:20:51.784] [info]  🚧 UPSCAYL_PROGRESS:  88,24%

[2026-07-29 13:20:51.809] [info]  89,08%

[2026-07-29 13:20:51.810] [info]  🎒 BACKEND REPORTED:  89,08%

[2026-07-29 13:20:51.811] [info]  🚧 UPSCAYL_PROGRESS:  89,08%

[2026-07-29 13:20:51.836] [info]  89,92%

[2026-07-29 13:20:51.836] [info]  🎒 BACKEND REPORTED:  89,92%

[2026-07-29 13:20:51.837] [info]  🚧 UPSCAYL_PROGRESS:  89,92%

[2026-07-29 13:20:51.863] [info]  90,76%

[2026-07-29 13:20:51.863] [info]  🎒 BACKEND REPORTED:  90,76%

[2026-07-29 13:20:51.864] [info]  🚧 UPSCAYL_PROGRESS:  90,76%

[2026-07-29 13:20:51.890] [info]  91,60%

[2026-07-29 13:20:51.890] [info]  🎒 BACKEND REPORTED:  91,60%

[2026-07-29 13:20:51.891] [info]  🚧 UPSCAYL_PROGRESS:  91,60%

[2026-07-29 13:20:51.917] [info]  92,44%

[2026-07-29 13:20:51.918] [info]  🎒 BACKEND REPORTED:  92,44%

[2026-07-29 13:20:51.918] [info]  🚧 UPSCAYL_PROGRESS:  92,44%

[2026-07-29 13:20:51.944] [info]  93,28%

[2026-07-29 13:20:51.944] [info]  🎒 BACKEND REPORTED:  93,28%

[2026-07-29 13:20:51.945] [info]  🚧 UPSCAYL_PROGRESS:  93,28%

[2026-07-29 13:20:51.971] [info]  94,12%

[2026-07-29 13:20:51.972] [info]  🎒 BACKEND REPORTED:  94,12%

[2026-07-29 13:20:51.972] [info]  🚧 UPSCAYL_PROGRESS:  94,12%

[2026-07-29 13:20:51.998] [info]  94,96%

[2026-07-29 13:20:51.999] [info]  🎒 BACKEND REPORTED:  94,96%

[2026-07-29 13:20:52.000] [info]  🚧 UPSCAYL_PROGRESS:  94,96%

[2026-07-29 13:20:52.025] [info]  95,80%

[2026-07-29 13:20:52.026] [info]  🎒 BACKEND REPORTED:  95,80%

[2026-07-29 13:20:52.027] [info]  🚧 UPSCAYL_PROGRESS:  95,80%

[2026-07-29 13:20:52.053] [info]  96,64%

[2026-07-29 13:20:52.053] [info]  🎒 BACKEND REPORTED:  96,64%

[2026-07-29 13:20:52.054] [info]  🚧 UPSCAYL_PROGRESS:  96,64%

[2026-07-29 13:20:52.079] [info]  97,48%

[2026-07-29 13:20:52.080] [info]  🎒 BACKEND REPORTED:  97,48%

[2026-07-29 13:20:52.081] [info]  🚧 UPSCAYL_PROGRESS:  97,48%

[2026-07-29 13:20:52.107] [info]  98,32%

[2026-07-29 13:20:52.107] [info]  🎒 BACKEND REPORTED:  98,32%

[2026-07-29 13:20:52.108] [info]  🚧 UPSCAYL_PROGRESS:  98,32%

[2026-07-29 13:20:52.113] [info]  99,16%

[2026-07-29 13:20:52.113] [info]  🎒 BACKEND REPORTED:  99,16%

[2026-07-29 13:20:52.114] [info]  🚧 UPSCAYL_PROGRESS:  99,16%

[2026-07-29 13:20:52.122] [info]  🏞️ Resizing image according to output scale

[2026-07-29 13:20:52.123] [info]  🎒 BACKEND REPORTED:  🏞️ Resizing image according to output scale

[2026-07-29 13:20:52.123] [info]  🚧 UPSCAYL_PROGRESS:  🏞️ Resizing image according to output scale

[2026-07-29 13:20:53.032] [info]  🏞️ Scaled image from 3218x1312 to 16090x6560

[2026-07-29 13:20:53.033] [info]  🎒 BACKEND REPORTED:  🏞️ Scaled image from 3218x1312 to 16090x6560

[2026-07-29 13:20:53.034] [info]  🚧 UPSCAYL_PROGRESS:  🏞️ Scaled image from 3218x1312 to 16090x6560

[2026-07-29 13:21:00.234] [info]  100.00%

🙌 Upscayled Successfully!

[2026-07-29 13:21:00.235] [info]  🎒 BACKEND REPORTED:  100.00%

🙌 Upscayled Successfully!

[2026-07-29 13:21:00.236] [info]  🚧 UPSCAYL_PROGRESS:  100.00%

🙌 Upscayled Successfully!

[2026-07-29 13:21:00.650] [info]  💯 Done upscaling
[2026-07-29 13:21:00.671] [info]  🎒 BACKEND REPORTED:  💯 Done upscaling
[2026-07-29 13:21:00.671] [info]  upscaledImagePath:  /mnt/general/Descargas/Gemini_Generated_Image_qn4vx7qn4vx7qn4v(1)_upscayl_5x_digital-art-4x.png
[2026-07-29 13:21:00.672] [info]  💯 UPSCAYL_DONE:  /mnt/general/Descargas/Gemini_Generated_Image_qn4vx7qn4vx7qn4v(1)_upscayl_5x_digital-art-4x.png
